,title,artist,album,genre,publisher,agency,pub_date,listeners,streams
0,미리 메리 크리스마스 (Feat. 천둥 of MBLAQ),아이유 (IU),REAL,전체 / 가요,카카오엔터테인먼트,카카오엔터테인먼트,2010.12.09,2069615,23697524
1,롤린 (Rollin'),브레이브걸스 (Brave girls),Rollin',댄스 / 가요,㈜음악형제들,브레이브엔터테인먼트 (BRAVE ENTERTAINMENT),2017.03.07,2178722,69771315
2,축가,전우성 (노을),"2018戀歌(연가), 6월의 고백 '축가'",발라드 / 가요,지니뮤직,더블킥엔터테인먼트,2018.06.08,573849,13658645
3,저녁 하늘,에일리 (Ailee),Invitation,락 / 가요,카카오엔터테인먼트,YMC엔터테인먼트㈜,2012.10.16,1380847,23512005
4,눈물 자국,김종국,러브 인 메모리 2 - 아빠의 노트,드라마 / OST,Sony Music,디지털씨앤엠,2014.03.10,48655,220744
5,오늘…그녀가,루그 (Lug),2008 Lug’s The Second Album,전체 / 가요,RIAK,오픈월드엔터테인먼트,2008.03.25,95907,1222047
6,향수,케이윌 & 전우성,이단옆차기 프로젝트 Vol.04,발라드 / 가요,카카오엔터테인먼트,더블킥엔터테인먼트,2013.12.17,263164,1789640
7,안녕,박혜경,Serahpim,전체 / 가요,Universal Music,Flat Be,2003.06.17,215404,1191441
8,FLY,SUPER JUNIOR-K.R.Y. (슈퍼주니어-K.R.Y.),FLY (Digital Single),락 / 가요,지니뮤직,Stone Music Entertainment,2011.04.15,8067,91910
9,하이힐,브레이브걸스 (Brave girls),HIGH HEELS,댄스 / 가요,㈜음악형제들,브레이브엔터테인먼트 (BRAVE ENTERTAINMENT),2016.06.27,385689,4608285
10,눈물아안녕 (아이비),Gayo Best,가요베스트 MR 46,발라드 / 가요,㈜다날엔터테인먼트,사운드섬,2014.01.08,1947,4623
11,이름,임재범,이름,발라드 / 가요,오감엔터테인먼트,씨앤티컴퍼니,2015.10.06,115052,950140
12,내 입술...따뜻한 커피처럼,샵 (S#arp),Flat Album,댄스 / 가요,RIAK,,2001.11.01,1034186,12042839
13,그 중에 그대를 만나,이선희,'SERENDIPITY' 30주년 기념앨범,발라드 / 가요,(주)후크엔터테인먼트,(주)후크엔터테인먼트,2014.03.25,1637625,24685497
14,"LOVE DAY (2021) (바른연애 길잡이 X 양요섭, 정은지)",양요섭 & 정은지,"LOVE DAY (2021) (바른연애 길잡이 X 양요섭, 정은지)",댄스 / 가요,카카오엔터테인먼트,"TOON STUDIO, 느을",2021.03.05,1480515,25561156
15,맨발의 청춘,벅 (Buck),맨발의 청춘,전체 / 가요,RIAK,,1997.01.10,444744,2858708
16,여자라서,아이유 (IU),로드넘버원 OST Part.3 (MBC 수목드라마),드라마 / OST,카카오엔터테인먼트,더그루브엔터테인먼트 (더그루브컴퍼니),2010.07.14,514848,3757259
17,살아서도.. 죽어서도..,Various Artists,바람의 나라 OST,전체 / 가요,RIAK,퀸즈벨,2008.10.15,127154,1016262
18,Give It 2 Me,신화,WE,댄스 / 가요,뮤직앤뉴,신화컴퍼니 (SHINHWA COMPANY),2015.02.26,39565,621499
19,바다 끝,최백호,불혹,발라드 / 가요,"지니뮤직, Stone Music Entertainment","최백호, 누플레이, 산타뮤직",2017.03.09,64010,572194
20,젊은 날의 초상,주영훈,Ballad Vol.1,발라드 / 가요,RIAK,,1996.11.01,6965,60559
21,동네한바퀴 (꽃다운나이) (Feat. 칸토 (트로이)),이선희,'SERENDIPITY' 30주년 기념앨범,발라드 / 가요,(주)후크엔터테인먼트,(주)후크엔터테인먼트,2014.03.25,86640,340909
22,U,백현 (BAEKHYUN),어느 날 우리 집 현관으로 멸망이 들어왔다 OST Part.3 (tvN 월화드라마),드라마 / OST,뮤직앤뉴,"뮤직앤뉴, 스튜디오앤뉴",2021.05.31,107979,1526671
23,넌 is 뭔들,마마무(Mamamoo),Melting,댄스 / 가요,"지니뮤직, Stone Music Entertainment","㈜RBW, Stone Music Entertainment",2016.02.26,1528352,26821721
24,Boo,아이유 (IU),Growing Up,전체 / 가요,카카오엔터테인먼트,카카오엔터테인먼트,2009.04.23,560716,3611245
25,다툼 (Feat. 40),제리케이 (Jerry.K),연애담 : 생각해 볼만한 사랑 이야기,랩/힙합 / 가요,주식회사 루미넌트엔터테인먼트,DAZE ALIVE,2012.02.03,18676,198204
26,겁나 (Feat. 매드클라운),멜로디데이 (MelodyDay),겁나,발라드 / 가요,카카오엔터테인먼트,"카카오엔터테인먼트, 뷰가엔터테인먼트",2014.12.12,148663,1048344
27,소주 한 잔,임창정,Bye,전체 / 가요,워너뮤직,WM Korea,2003.06.05,2018413,27875550
28,BAAM,MOMOLAND (모모랜드),Fun to The World,댄스 / 가요,카카오엔터테인먼트,"(주)엠엘디엔터테인먼트, 카카오엔터테인먼트",2018.06.26,1437661,23388872
29,2U,강다니엘,CYAN,R&B/소울 / 가요,Sony Music,KONNECT ENTERTAINMENT,2020.03.24,423553,25909454
30,I Can't,2PM,Hands Up,댄스 / 가요,Dreamus,(주)JYP엔터테인먼트,2011.06.20,39024,387109
31,Dream Night,ASTRO (아스트로),Dream Part.01,전체 / 가요,카카오엔터테인먼트,판타지오뮤직,2017.05.29,22010,247013
32,아로하,쿨 (COOL),Very Best Album Of Cool 1994~2003,댄스 / 가요,지니뮤직,쿨(COOL),2004.04.19,1135761,14224516
33,가슴앓이,바비 킴 (Bobby Kim),영광의 재인 OST Part.2 (KBS 수목드라마),드라마 / OST,워너뮤직,"(주)도레미엔터테인먼트, (주)김종학프로덕션",2011.11.03,53500,438639
34,하이힐,박혜경,My Favorite,락 / 가요,,Warner Music Korea,2009.08.07,28487,195370
35,내 마음의 사진,송가인,사랑의 불시착 OST Part 6 (tvN 토일 드라마),드라마 / OST,지니뮤직,Stone Music Entertainment,2020.01.25,621274,7675285
36,Tears,소찬휘,First Bridge,전체 / 가요,RIAK,,2000.03.01,805849,7440364
37,처음 사랑,유열,골든 베스트(1-5집),전체 / 가요,오아시스레코드사 뮤직컴퍼니,,1998.05.28,10459,90673
38,Nothing Better,브라운 아이드 소울 (Brown Eyed Soul),"The Wind,The Sea,The Rain",R&B/소울 / 가요,"지니뮤직, Stone Music Entertainment",갑엔터테인먼트,2007.10.30,417489,3382486
39,기억할게요,양파,뿌리 깊은 나무 OST Part.2 (SBS 수목드라마),전체 / 가요,Universal Music,"IHQ, INC.",2011.11.03,12294,68181
40,어젯밤 이야기,소방차,어젯밤 이야기,댄스 / 가요,RIAK,,1987.04.20,270062,1593830
41,슬픈 발걸음 (구두 II),씨야 (SeeYa),슬픈 발걸음 (구두 II) (Digital Single),전체 / 가요,지니뮤직,Stone Music Entertainment,2007.12.27,221386,1571878
42,영원한 사랑,핑클 (Fin.K.L),White,전체 / 가요,카카오엔터테인먼트,DSP 미디어,1999.05.01,735031,4949827
43,하늘 땅 별 땅,비비 (B.B),하늘 땅 별 땅,전체 / 가요,RIAK,,1997.01.01,451682,2922073
44,체념,빅마마 (Big Mama),Like The Bible,발라드 / 가요,YG PLUS,,2003.02.07,1218358,13520066
45,이별이래,유열,골든 베스트(1-5집),전체 / 가요,오아시스레코드사 뮤직컴퍼니,,1998.05.28,19194,102935
46,비련,비비 (B.B),B.B's Come,전체 / 가요,RIAK,,1996.04.01,122516,803930
47,응급실,Various Artists,쾌걸춘향 OST,드라마 / OST,NHN벅스,엠라이브러리,2005.01.20,1234730,14754444
48,안녕 정말 안녕,Various Artists,내게 거짓말을 해봐 OST Part.2 (SBS 월화드라마),드라마 / OST,(주)콘텐츠라이크,SH CREATIVEWORKS,2011.05.24,20118,243064
49,오랜만이야,임창정,Return To My World,발라드 / 가요,카카오엔터테인먼트,엠에스미디어,2009.03.10,1030085,12233580
50,Flower,윤미래,사랑의 불시착 OST Part 2 (tvN 토일 드라마),드라마 / OST,지니뮤직,Stone Music Entertainment,2019.12.22,1018644,11981875
51,너에게 쓰는 편지 (Feat. 린),MC몽,180 Degree,랩/힙합 / 가요,지니뮤직,Stone Music Entertainment,2004.04.23,1242507,18965020
52,좋니,윤종신,LISTEN 010 좋니,발라드 / 가요,카카오엔터테인먼트,미스틱엔터테인먼트,2017.06.22,2944996,93868254
53,욕심쟁이,심신,욕심쟁이,전체 / 가요,RIAK,,1991.01.01,42288,124310
54,두바둡 (only u),라붐 (LABOUM),LABOUM Summer Special,댄스 / 가요,㈜인터파크,주식회사 글로벌에이치미디어 (GLOBAL H),2017.07.25,89554,762200
55,Beautiful,Crush,도깨비 OST Part 4 (tvN 금토드라마),드라마 / OST,"지니뮤직, Stone Music Entertainment","Stone Music Entertainment, 화앤담픽쳐스",2016.12.17,2579167,56770757
56,내 사람 (Ivy Mix Ver.),Various Artists,Ivy Mega Mix 2006 (아이비 메가 믹스 2006),댄스 / 가요,카카오엔터테인먼트,ESJ엔터테인먼트,2006.08.17,2799,14683
57,낡은 그리움,에일리 (Ailee),낡은 그리움,발라드 / 가요,카카오엔터테인먼트,YMC엔터테인먼트㈜,2017.02.27,180609,1228606
58,어마어마해,MOMOLAND (모모랜드),어마어마해,댄스 / 가요,카카오엔터테인먼트,"(주)엠엘디엔터테인먼트, 카카오엔터테인먼트",2017.04.26,248273,2495951
59,죽도록 사랑해 (Feat. 박정현),MC몽,Show's Just Begun,랩/힙합 / 가요,NHN벅스,SCM엔터테인먼트,2008.04.17,471747,4528859
60,I LOVE U OH THANK U (Feat. 김태우 of god),Various Artists,Loving You (러빙유),전체 / 가요,(주)비씨에스뮤직,㈜에스씨앰,2008.02.11,176968,1381303
61,하늘바라기 (Feat. 하림),정은지,Dream,발라드 / 가요,카카오엔터테인먼트,플랜에이 엔터테인먼트,2016.04.18,1585867,33972297
62,담아 갈게,이무진,담아 갈게,발라드 / 가요,카카오엔터테인먼트,"TOON STUDIO, (주)뮤직카우, 메인쇼 엔터테인먼트",2021.08.26,233827,1422094
63,희나리,구창모,희나리 / 문을열어,블루스/포크 / 가요,RIAK,,1985.06.10,165660,1555110
64,아버지 (Feat. Ra.D),다이나믹 듀오,4집 Last Days : 최후의 날,랩/힙합 / 가요,"지니뮤직, Stone Music Entertainment",아메바컬쳐,2008.08.11,84954,669442
65,Perhaps Love (사랑인가요) (Prod. by 박근태),에릭남 (Eric Nam) & CHEEZE (치즈),Your BGM Vol.1,발라드 / 가요,3.14,스페이스오디티,2017.09.29,1570315,26387222
66,너와 함께,울랄라세션,너와 함께,전체 / 가요,지니뮤직,Stone Music Entertainment,2011.11.24,40923,507970
67,당신의 눈물,태진아,2015 태진아 '진진자라',트로트 / 가요,카카오엔터테인먼트,JIN-AH ENTERTAINMENT,2015.07.16,13092,179082
68,거짓말이라도 해서 널 보고싶어,백지영,거짓말이라도 해서 널 보고싶어,발라드 / 가요,카카오엔터테인먼트,트라이어스,2020.07.14,1318172,22127788
69,술 한잔 해요,지아 (Zia),술 한잔 해요 (Digital Single),발라드 / 가요,카카오엔터테인먼트,카카오엔터테인먼트,2009.12.11,1258759,18913124
70,Mr. Chu (On Stage),Apink (에이핑크),Pink Blossom,댄스 / 가요,카카오엔터테인먼트,에이큐브 엔터테인먼트,2014.03.31,1406526,22581228
71,오랜 날 오랜 밤,AKMU (악뮤),사춘기 하 (思春記 下),블루스/포크 / 가요,YG PLUS,(주)YG엔터테인먼트,2017.01.03,2420570,50214605
72,"다시 난, 여기",백예린 (Yerin Baek),사랑의 불시착 OST Part 4 (tvN 토일 드라마),드라마 / OST,지니뮤직,Stone Music Entertainment,2020.01.12,1930655,32487053
73,No Woman No Cry,스토니 스컹크 (Stony Skunk),Skunk Riddim,랩/힙합 / 가요,YG PLUS,(주)YG엔터테인먼트,2006.08.04,32953,327008
74,사고쳤어요,다비치,다비치 2nd 미니앨범 Davichi In Wonderland,발라드 / 가요,㈜인터파크,㈜인터파크,2009.02.27,818448,8940811
75,죄,루그 (Lug),LUG The First Album,전체 / 가요,RIAK,,2006.10.09,285902,2501300
76,슬픔을 참는 세가지 방법,혜령,To Expection First,R&B/소울 / 가요,RIAK,WEA Records Korea,2003.02.05,379540,2534879
77,너에게 쓰는 편지 Part.2 (Feat. LISA),MC몽,MC몽 Repackage,랩/힙합 / 가요,,,2006.12.13,100345,773242
78,Dream (Prod. by 박근태),수지 & 백현 (BAEKHYUN),Dream,R&B/소울 / 가요,카카오엔터테인먼트,"미스틱엔터테인먼트, 중앙ICS, (주)SM엔터테인먼트, (주)JYP엔터테인먼트",2016.01.07,1656711,34581439
79,이별자리,이우,이별자리,발라드 / 가요,카카오엔터테인먼트,케이에이치컴퍼니,2021.02.02,60630,641197
80,그 끝에 그대,청하,호텔 델루나 OST Part.6 (tvN 토일드라마),드라마 / OST,Dreamus,냠냠엔터테인먼트,2019.08.03,1554536,22709467
81,O Sole Mio,IZ*ONE (아이즈원),One-reeler / Act IV,댄스 / 가요,"지니뮤직, Stone Music Entertainment","오프더레코드엔터테인먼트, 스윙엔터테인먼트",2020.12.07,74710,1631766
82,My Style,조pd (ZoPD),Stardom In Future Flow,랩/힙합 / 가요,가이아프로젝트마케팅,브랜뉴뮤직 (Brand New Music),2001.12.01,47616,379096
83,진심,이예준,진심,발라드 / 가요,Universal Music,㈜해피트라이브 엔터테인먼트,2017.10.25,156767,1974810
84,I Like That,씨스타 (Sistar),沒我愛 (몰아애),댄스 / 가요,카카오엔터테인먼트,스타쉽 엔터테인먼트,2016.06.21,1172114,17891622
85,그대 고운 내사랑,어반자카파,슬기로운 의사생활 OST Part 5 (tvN 목요드라마),드라마 / OST,"지니뮤직, Stone Music Entertainment","스튜디오 마음C, 에그이즈커밍, Stone Music Entertainment",2020.04.10,1405251,19374725
86,친구라도 될 걸 그랬어,거미 (Gummy),Like Them,R&B/소울 / 가요,YG PLUS,(주)YG엔터테인먼트,2003.02.07,1452776,20428700
87,Again,스페이스 A,Special Remix Album,전체 / 가요,RIAK,솔엔터테인먼트,2002.01.01,113477,1241948
88,거짓말,BIGBANG,2007' BigBang 1st Mini Album - Always (올웨이즈),랩/힙합 / 가요,YG PLUS,(주)YG엔터테인먼트,2007.08.16,1338985,12934079
89,넌 살아있다,버즈 (Buzz),넌 살아있다,락 / 가요,"지니뮤직, Stone Music Entertainment","인넥스트트렌드, 산타뮤직",2016.10.30,264570,2580145
90,모든 밤 너에게 (연애혁명 X 민현 (뉴이스트)),민현 (뉴이스트),모든 밤 너에게 (연애혁명 X 민현 (뉴이스트)),발라드 / 가요,워너뮤직,"프로젝트 리본, 느을",2021.01.06,113261,1519549
91,Tic Toc,매드 클라운 (Mad Clown),Anything Goes,랩/힙합 / 가요,(주)소리바다,소울컴퍼니,2011.11.04,136281,1312899
92,사랑합니다.,팀,First 영민,발라드 / 가요,NHN벅스,예전미디어,2003.04.01,908068,10658745
93,Loving U (러빙유),씨스타 (Sistar),Summer Special 'Loving U',댄스 / 가요,카카오엔터테인먼트,스타쉽 엔터테인먼트,2012.06.28,1129487,11875117
94,선물,멜로망스 (MeloMance),Moonlight,인디 / 가요,카카오엔터테인먼트,"민트페이퍼, 광합성",2017.07.10,3261651,107668543
95,나를 사랑했던 사람아,허각,LACRIMOSO,발라드 / 가요,카카오엔터테인먼트,에이큐브 엔터테인먼트,2012.04.03,1123906,17545146
96,너를 사랑하고도,전유나,너를 사랑하고도,전체 / 가요,RIAK,,1990.09.01,157370,1254373
97,Must Have Love (Feat. 에릭남),가인,열두 시가 되면,댄스 / 가요,(주)삼쩜일사,"에이팝엔터테인먼트, 미스틱엔터테인먼트",2015.12.22,392904,2611833
98,If You Love Me (Feat. 박재범),NS Yoon-G,If You Love Me,댄스 / 가요,Sony Music,JTM엔터테인먼트,2012.11.01,393316,8576072
99,처음 보는 나 (하트시그널 삽입곡),Steady (스테디),LISTEN 023 처음 보는 나,발라드 / 가요,(주)삼쩜일사,미스틱엔터테인먼트,2018.03.24,200596,3515141
100,여름여름해 (Sunny Summer),여자친구 (GFRIEND),여자친구 Summer Mini Album 'Sunny Summer',댄스 / 가요,카카오엔터테인먼트,쏘스뮤직,2018.07.19,1338564,17438242
101,사랑비,김태우,T-Virus,R&B/소울 / 가요,,폴라리스 엔터테인먼트,2009.09.03,1005889,10859331
102,Darling,걸스데이 (Girl's Day),GIRL'S DAY EVERYDAY #4,댄스 / 가요,㈜인터파크,㈜인터파크,2014.07.14,1265532,16666785
103,그여자,Various Artists,시크릿 가든 OST Part.1 (SBS 주말드라마),드라마 / OST,카카오엔터테인먼트,JS MUSIC,2010.11.11,725213,5253374
104,오직 하나뿐인 그대,심신,오직 하나뿐인 그대,전체 / 가요,RIAK,아트랩,1990.01.01,93804,438496
105,I Need You,허각 & 지아,I Need You,전체 / 가요,카카오엔터테인먼트,뷰가엔터테인먼트,2012.08.21,843816,11791174
106,사랑이 올까요 (Feat. 백지영) (2021),마이티 마우스 (Mighty Mouth),Re:Mighty Vol.1 - 사랑이 올까요 (2021),랩/힙합 / 가요,워너뮤직,올마이티 레코즈,2021.05.29,45905,292062
107,NoNoNo,Apink (에이핑크),Secret Garden,댄스 / 가요,카카오엔터테인먼트,에이큐브 엔터테인먼트,2013.07.05,1166127,13016386
108,사람냄새,정인 & 개리,사람냄새,R&B/소울 / 가요,카카오엔터테인먼트,리쌍컴퍼니,2014.05.27,1435009,21117016
109,연 (捐),빅마마 (Big Mama),For The People,R&B/소울 / 가요,YG PLUS,,2006.10.13,825643,10677413
110,사랑의 신호등,Various Artists,미스트롯 FINAL STAGE,트로트 / 가요,카카오엔터테인먼트,㈜티조컬처앤컨텐츠,2019.05.02,92814,971000
111,우연히 봄,로꼬 & 유주 (여자친구),냄새를 보는 소녀 OST Part.2 (SBS 수목드라마),드라마 / OST,카카오엔터테인먼트,(주)도너츠컬처,2015.04.08,2312840,43847942
112,사랑은 언제나 목마르다,유미 (Youme),Sad,전체 / 가요,(주)예전미디어,㈜아이에이치큐 (iHQ),2002.03.18,937348,9972217
113,내 사랑 (MY LOVE),이하이,달의 연인 - 보보경심 려 OST Part 10 (SBS 월화드라마),드라마 / OST,"지니뮤직, Stone Music Entertainment","Stone Music Entertainment, 냠냠엔터테인먼트",2016.10.04,523609,5448900
114,보라빛 향기,강수지,보라빛 향기,전체 / 가요,오감엔터테인먼트,신나라뮤직,1990.04.01,207758,1243202
115,추억은 눈꽃처럼,강수지,추억은 눈꽃처럼,발라드 / 가요,NHN벅스,드라뮤지끄,2010.01.27,3109,13721
116,짧은머리,허각 & 정은지,'A CUBE' FOR SEASON # BLUE,전체 / 가요,카카오엔터테인먼트,에이큐브 엔터테인먼트,2013.05.31,998990,11186264
117,Break Away,빅마마 (Big Mama),Like The Bible,발라드 / 가요,YG PLUS,,2003.02.07,623024,4051272
118,커플,젝스키스,Special,댄스 / 가요,카카오엔터테인먼트,DSP 미디어,1998.10.03,973794,9271104
119,밤 끝없는 밤,AKMU (악뮤),항해,락 / 가요,YG PLUS,(주)YG엔터테인먼트,2019.09.25,925734,8627281
120,I Don't Care,2NE1,2NE1 1st Mini Album,댄스 / 가요,YG PLUS,(주)YG엔터테인먼트,2009.07.01,1391157,13028477
121,사랑합니다,Various Artists,Miracle+미라클 Vol.1,국내CCM / CCM,,카카오엔터테인먼트,2004.04.01,412148,3488628
122,거북이,다비치,MYSTIC BALLAD Part.1,발라드 / 가요,㈜인터파크,㈜인터파크,2013.03.04,1080515,13962844
123,Marry Me,케이윌 (K.Will),The 3rd Album Part.2 'Love Blossom (러브블러썸)',발라드 / 가요,카카오엔터테인먼트,스타쉽 엔터테인먼트,2013.04.04,89862,573763
124,찾았다,Various Artists,성균관 스캔들 OST (KBS 월화드라마),드라마 / OST,(주)삼쩜일사,㈜래몽래인,2010.09.16,337116,4021131
125,장난아냐 (Rocking),틴 탑 (Teen Top),틴탑 클래스,댄스 / 가요,카카오엔터테인먼트,㈜티오피미디어,2013.08.26,324572,2707665
126,인기 (Feat. 송가인 & 챈슬러),MC몽,CHANNEL 8,랩/힙합 / 가요,Dreamus,(주)밀리언마켓,2019.10.25,1936789,37996572
127,우리의 얘기를 쓰겠소,SG워너비,시카고 타자기 OST Part 3 (tvN 금토드라마),드라마 / OST,지니뮤직,Stone Music Entertainment,2017.04.22,228478,2356512
128,나랑 같이 걸을래 (바른연애 길잡이 X 적재),적재,나랑 같이 걸을래 (바른연애 길잡이 X 적재),인디 / 가요,카카오엔터테인먼트,"TOON STUDIO, 느을",2020.10.23,1372957,22842578
129,러브 델루나,태용 (TAEYONG) & 펀치 (Punch),호텔 델루나 OST Part.13 (tvN 토일드라마),드라마 / OST,Dreamus,냠냠엔터테인먼트,2019.08.24,621783,5910145
130,너만 생각나,장나라,너만 생각나,발라드 / 가요,"지니뮤직, Stone Music Entertainment",나라짱닷컴,2012.03.26,15190,104165
131,니 소식,송하예,니 소식,발라드 / 가요,㈜다날엔터테인먼트,더하기미디어,2019.05.11,2477301,80953945
132,Stay With Me,찬열 (CHANYEOL) & 펀치 (Punch),도깨비 OST Part 1 (tvN 금토드라마),드라마 / OST,"지니뮤직, Stone Music Entertainment","Stone Music Entertainment, 화앤담픽쳐스",2016.12.03,1781823,39937235
133,내 생애 가장 행복한 시간 (Feat. 허각),MC몽,MISS ME OR DISS ME,랩/힙합 / 가요,카카오엔터테인먼트,(주)RBW,2014.11.03,1080272,20326565
134,그대 내친구여,패티김,꿈의 여정 50년 칸타빌레 (50주년 기념 앨범),트로트 / 가요,RIAK,PK 프로덕션,2008.04.18,7304,55789
135,부산 바캉스,레게 강 같은 평화,YA MAN !!,전체 / 가요,카카오엔터테인먼트,QUAN ENTERTAINMENT,2012.07.30,321254,2783601
136,눈물이 나,맥켈리,멈추고 싶은 순간 : 어바웃타임 OST Part. 4 (tvN 월화드라마),드라마 / OST,"지니뮤직, Stone Music Entertainment","Stone Music Entertainment, 크리허브",2018.06.19,25662,235606
137,오늘부터 1일 (Day 1),케이윌 (K.Will),ONE FINE DAY,발라드 / 가요,카카오엔터테인먼트,스타쉽 엔터테인먼트,2014.06.26,1357978,18360228
138,너와 함께 있음을,라디 (Ra. D),Realcollabo,R&B/소울 / 가요,"지니뮤직, Stone Music Entertainment",리얼콜라보,2008.12.12,40542,210087
139,부산에 가면 (With 최백호) (Inst.),에코브릿지 (Eco bridge),부산에 가면,R&B/소울 / 가요,카카오엔터테인먼트,"인넥스트트렌드, 롱플레이뮤직",2013.10.08,2875,15173
140,Give Love,AKMU (악뮤),PLAY,전체 / 가요,YG PLUS,(주)YG엔터테인먼트,2014.04.07,1615547,21328363
141,19금 INTRO. 권지용 (Middle Fingers-Up),G-DRAGON,권지용,랩/힙합 / 가요,YG PLUS,(주)YG엔터테인먼트,2017.06.08,313209,2794587
142,Don't Cry,더 크로스 (The Cross),Rush,락 / 가요,3.14,GF Entertainment,2005.05.31,627118,5880206
143,내가 갈게 (Original Ver.),울랄라세션,내가 갈게,댄스 / 가요,지니뮤직,㈜원포원엔터테인먼트,2014.09.25,134799,665083
144,기억에게 외치다 (Feat. 조현아 Of 어반자카파),장우혁,Back To The Memories,전체 / 가요,Universal Music,WH Entertainment And Universal Music,2011.11.18,10211,221578
145,그대 돌아오면..,거미 (Gummy),Gummy Unplugged,R&B/소울 / 가요,YG PLUS,(주)YG엔터테인먼트,2006.04.28,73933,490241
146,봄 같던 그녀가 춥대 (Feat. 페노메코),MC몽 & 김재환,X by X ［결핍］,랩/힙합 / 가요,카카오엔터테인먼트,IWS,2020.04.10,1221656,18069972
147,못된 여자 (Feat. 서인영),원투 (One Two),2008 One Two Digital Single,전체 / 가요,Fantom Entertainment Group,Fantom Entertainment Group (팬텀),2008.04.29,435028,4194847
148,후유증,ZE:A (제국의아이들),SPECTACULAR,댄스 / 가요,지니뮤직,스타제국,2012.07.04,409156,4501567
149,"Femme Fatale (Feat. Tyra, Beenzino)",스윙스 (Swings),Growing Pains (성장통),랩/힙합 / 가요,힙합플레이야,제이엠엔터테인먼트(JM entertainment),2010.03.11,56906,626228
150,내게 남은 사랑을 드릴께요,장혜리,내게 남은 사랑을 드릴께요 / 추억의 발라드,전체 / 가요,RIAK,,1989.05.01,111954,1089201
151,Would You Be My (Feat. Beenzino),팔로알토 (Paloalto),Fever For Calmness (Digital EP),랩/힙합 / 가요,㈜인터파크,Hi-Lite Records,2011.06.08,77523,757365
152,까르보나라,Various Artists,미스트롯 FINAL STAGE,트로트 / 가요,카카오엔터테인먼트,㈜티조컬처앤컨텐츠,2019.05.02,79486,603118
153,길 (Song by 아이유 & 헨리 & 조현아 & 양다일),지오디 (god),THEN & NOW,댄스 / 가요,카카오엔터테인먼트,"㈜아이에이치큐 (iHQ), god",2019.01.10,1829765,29050358
154,벌써일년,반하나 & MJ (써니사이드),벌써일년,발라드 / 가요,워너뮤직,프로젝트 리본,2021.05.30,529619,4914218
155,잠꼬대,뉴이스트,잠꼬대,댄스 / 가요,카카오엔터테인먼트,플레디스 엔터테인먼트,2013.08.22,62883,1818629
156,What,드림캐쳐,Alone In The City,락 / 가요,지니뮤직,해피페이스 엔터테인먼트,2018.09.20,70447,733826
157,바람의 유령,ZE:A (제국의아이들),CONTINUE,댄스 / 가요,지니뮤직,스타제국,2015.09.18,10185,87665
158,뿜뿜,MOMOLAND (모모랜드),GREAT!,댄스 / 가요,카카오엔터테인먼트,"(주)엠엘디엔터테인먼트, 카카오엔터테인먼트",2018.01.03,2494919,64437679
159,Saturday Night,지오디 (god),Chapter 8,전체 / 가요,카카오엔터테인먼트,"sidus HQ, god",2014.07.08,329971,2871923
160,나 항상 그대를,이선희,나 항상 그대를,발라드 / 가요,뮤직앤뉴,웰메이드예당,1988.02.01,564627,3976063
161,별빛 바램 (Wish Upon a Star),SHINee (샤이니),1 and 1 - The 5th Album Repackage,발라드 / 가요,Dreamus,SM ENTERTAINMENT,2016.11.15,94412,1053349
162,내가 많이 사랑해요,이승철,달빛조각사 웹툰 OST Part.1,전체 / OST,카카오엔터테인먼트,카카오페이지,2020.01.20,702345,8963755
163,19금 INTRO. 권지용 (Middle Fingers-Up),G-DRAGON,권지용,랩/힙합 / 가요,YG PLUS,(주)YG엔터테인먼트,2017.06.08,313209,2794588
164,겨울 이야기,Various Artists,2008 The Story Of Winter,캐롤 / 그외장르,(주)비씨에스뮤직,(주)엠트렉,2008.11.28,86150,607874
165,너에게로 또 다시,변진섭,희망사항,전체 / 가요,RIAK,,1989.10.25,371098,2860350
166,그녀에게 전해주오,소방차,어젯밤 이야기,댄스 / 가요,RIAK,,1987.04.20,88465,365593
167,꽃길만 걷게 해줄게,데이브레이크 (DAYBREAK),WITH,전체 / 가요,해피로봇 레코드,해피로봇레코드,2016.06.14,453382,5021199
168,I Love You,AKMU (악뮤),내 연애의 모든 것 OST Part.3 (SBS 수목드라마),드라마 / OST,주식회사 블렌딩,㈜SBS콘텐츠허브 (㈜에스비에스콘텐츠허브),2013.04.24,1145354,10964571
169,Aspirin 아스피린 (12 String Guitar Ver.),걸 (Girl),Rock'n Roll Revolution,락 / 가요,RIAK,,1995.12.13,156143,865920
170,사랑의 時,엠씨더맥스 (M.C the MAX),Love Is Time Sixth Sense,발라드 / 가요,오감엔터테인먼트,유엔아이엔터테인먼트,2003.12.01,717642,6831713
171,황혼의 문턱,왁스 (Wax),WAX 4집,전체 / 가요,주식회사 위지스제이,스타라인엔터테인먼트,2003.09.01,272796,2518621
172,Too Love,Various Artists,성균관 스캔들 OST (KBS 월화드라마),드라마 / OST,(주)삼쩜일사,㈜래몽래인,2010.09.16,66222,695098
173,Only one you,MOMOLAND (모모랜드),Fun to The World,댄스 / 가요,카카오엔터테인먼트,"(주)엠엘디엔터테인먼트, 카카오엔터테인먼트",2018.06.26,29235,120271
174,Think About' Chu (Prod. by 박근태),샘김 (Sam Kim) & 로꼬,Boys And Girls Music Vol. 1,R&B/소울 / 가요,카카오엔터테인먼트,열두시 엔터테인먼트,2017.01.25,987647,14100662
175,Yesterday,박혜경,Yesterday,발라드 / 가요,포이보스,다날엔터테인먼트,2006.03.23,17883,121505
176,Dream (Prod. by 박근태),수지 & 백현 (BAEKHYUN),Dream,R&B/소울 / 가요,카카오엔터테인먼트,"미스틱엔터테인먼트, 중앙ICS, (주)SM엔터테인먼트, (주)JYP엔터테인먼트",2016.01.07,1656714,34581508
177,"전국민 러브송 (Feat. MC몽, 유리 Of Cool)",장근이,장근이의 전국민 러브송 (Digital Single),랩/힙합 / 가요,"지니뮤직, Stone Music Entertainment",M.A. Wild Dog,2008.09.16,9375,97166
178,얘가 이렇게 예뻤나,훈스 (HOONS),90 BPM,블루스/포크 / 가요,"지니뮤직, Stone Music Entertainment","MMO Entertainment, FRON+DESK, 밤별뮤직",2018.04.18,232351,2683365
179,한번만...,혜령,2 - 아침보다 이른 이별,발라드 / 가요,RIAK,오픈월드엔터테인먼트,2004.10.15,40139,367804
180,서울사람들,버스커 버스커 (Busker Busker),서울사람들,락 / 가요,지니뮤직,Stone Music Entertainment,2011.11.17,286290,2407439
181,이밤이 지나면,임재범,이밤이 지나면,락 / 가요,오감엔터테인먼트,,1991.10.01,378035,2977142
182,너를 사랑하진 않아 (Feat. 케이시),자이언트핑크,너를 사랑하진 않아,랩/힙합 / 가요,(주)삼쩜일사,미스틱엔터테인먼트,2018.03.19,86571,1430829
183,Endless,플라워 (Flower),소품집 (해룡이의 Sad Love Story),락 / 가요,오감엔터테인먼트,엔터원,2000.11.01,808225,9041237
184,Insomnia (불면증),휘성 (Realslow),Insomnia (불면증),R&B/소울 / 가요,(주)삼쩜일사,스타코아 엔터테인먼트,2009.02.18,740807,6903270
185,BAE,효린,BAE,댄스 / 가요,NHN벅스,㈜브리지,2018.08.16,406881,3318069
186,IF... (너만 있으면),B1A4,IN THE WIND,댄스 / 가요,Sony Music,WM엔터테인먼트,2012.11.12,35207,352013
187,사랑은 아프려고 하는 거죠,엠씨더맥스 (M.C the MAX),The Rusted Love..,락 / 가요,오감엔터테인먼트,(주)뮤직앤뉴,2005.11.23,827392,9571571
188,"떠나가요, 떠나지마요",더 크로스 (The Cross),Rush,락 / 가요,3.14,GF Entertainment,2005.05.31,341678,3257563
189,빨간 운동화,박혜경,FEEL ME,락 / 가요,NHN벅스,"㈜오우엔터테인먼트, ㈜김종학프로덕션, (유)지앤케이 문화산업전문회사",2002.02.20,63255,316917
190,instagram,DEAN,instagram,R&B/소울 / 가요,Universal Music,"유니버설뮤직, 줌바스 (Universal Music Ltd., Joombas Co Ltd.)",2017.12.26,2184367,50248799
191,You Are My Lady,정엽,Thinkin' Back On Me,R&B/소울 / 가요,카카오엔터테인먼트,"인넥스트트렌드, 롱플레이뮤직",2008.11.03,107932,963513
192,White Day,걸스데이 (Girl's Day),White Day,발라드 / 가요,㈜인터파크,㈜인터파크,2013.02.21,22117,82216
193,나를 잊지 말아요,허각,최고의 사랑 OST Part.5 (MBC 수목드라마),드라마 / OST,카카오엔터테인먼트,더그루브엔터테인먼트 (더그루브컴퍼니),2011.06.01,894694,9271943
194,하얀바람,소방차,일급비밀,전체 / 가요,RIAK,,1988.01.01,42382,229041
195,어젠 (Duet. 환희),송지은,어젠,발라드 / 가요,(주)래드컴,(주)RBW,2009.12.15,46990,585156
196,마지막 인사 Remix,BIGBANG,REMEMBER,랩/힙합 / 가요,YG PLUS,(주)YG엔터테인먼트,2008.11.05,37090,164269
197,난 너에게,민들레,난 너에게,전체 / 가요,RIAK,,1995.01.01,67483,289436
198,"다시는 사랑하지 않고, 이별에 아파하기 싫어",백지영,"다시는 사랑하지 않고, 이별에 아파하기 싫어",발라드 / 가요,카카오엔터테인먼트,㈜ 스튜디오 오드리,2019.12.22,1718140,28117216
199,OOH-AHH하게,TWICE (트와이스),THE STORY BEGINS,댄스 / 가요,Dreamus,(주)JYP엔터테인먼트,2015.10.20,1876314,41533500
200,꽃잎점 (하트시그널 삽입곡),PERC％NT,LISTEN 024 꽃잎점,랩/힙합 / 가요,(주)삼쩜일사,미스틱엔터테인먼트,2018.03.25,169617,2051024
201,내 안부,이우,내 안부,발라드 / 가요,카카오엔터테인먼트,케이에이치컴퍼니,2019.07.16,1253809,23249736
202,I Wish...,메이비 (MayBee),A Letter From Abell1689,발라드 / 가요,지니뮤직,플럭서스뮤직,2006.03.30,92517,654064
203,I Swear,씨스타 (Sistar),Special Album 'SWEET & SOUR',댄스 / 가요,카카오엔터테인먼트,스타쉽 엔터테인먼트,2014.08.26,1255178,15572069
204,고백,장나라,First Story,발라드 / 가요,(주)비씨에스뮤직,(주)내츄럴나인,2001.06.01,468333,3112501
205,연애시대 (Feat. Ra.D / Nar. 한효주),이승기,연애시대,발라드 / 가요,(주)후크엔터테인먼트,(주)후크엔터테인먼트,2011.10.14,450077,3410016
206,Diva,애프터스쿨 (After School),Diva,전체 / 가요,,"플레디스 엔터테인먼트, 카카오엔터테인먼트",2009.04.09,682205,4965626
207,랄랄라 (Feat. 소야),마이티 마우스 (Mighty Mouth),랄랄라,랩/힙합 / 가요,카카오엔터테인먼트,원오원엔터테인먼트,2011.06.29,534172,5661292
208,전원일기 (田園日記) (Feat. 이단옆차기 & 태운),티아라 N4,전원일기,댄스 / 가요,㈜인터파크,㈜인터파크,2013.04.29,142917,1176981
209,통화중,소방차,일급비밀,전체 / 가요,RIAK,,1988.01.01,35999,144523
210,사랑일뿐야,김민우,1집 사랑일뿐야,전체 / 가요,오감엔터테인먼트,,1990.01.01,286871,1982428
211,그리워하다,비투비,Brother Act.,발라드 / 가요,카카오엔터테인먼트,큐브 엔터테인먼트,2017.10.16,2316452,67217157
212,"LOVE DAY (2021) (바른연애 길잡이 X 양요섭, 정은지)",양요섭 & 정은지,"LOVE DAY (2021) (바른연애 길잡이 X 양요섭, 정은지)",댄스 / 가요,카카오엔터테인먼트,"TOON STUDIO, 느을",2021.03.05,1480531,25562041
213,UN Village,백현 (BAEKHYUN),City Lights - The 1st Mini Album,R&B/소울 / 가요,Dreamus,SM ENTERTAINMENT,2019.07.10,786793,20270551
214,그대 슬픔까지 사랑해,심신,오직 하나뿐인 그대,전체 / 가요,RIAK,아트랩,1990.01.01,53540,292262
215,백설공주를 사랑한 난장이,더 크로스 (The Cross),Rush,락 / 가요,3.14,GF Entertainment,2005.05.31,205075,2346434
216,있다 없으니까 (Gone Not Around Any Longer),씨스타19,있다 없으니까,댄스 / 가요,카카오엔터테인먼트,스타쉽 엔터테인먼트,2013.01.31,505590,4587521
217,Happy Birthday,라디 (Ra. D),Realcollabo,R&B/소울 / 가요,"지니뮤직, Stone Music Entertainment",리얼콜라보,2008.12.12,101717,695343
218,퇴근버스,이준호,퇴근버스,발라드 / 가요,(주)삼쩜일사,엘뮤직,2014.02.05,509581,11007923
219,아직 너의 시간에 살아,이수현,사이코지만 괜찮아 OST Part.4 (tvN 토일드라마),드라마 / OST,NHN벅스,모스트콘텐츠,2020.07.12,1347746,16610533
220,느낌이 좋아,헤일로 (HALO),Young Love,댄스 / 가요,㈜인터파크,하이스타엔터테인먼트,2015.12.03,26006,235047
221,눈물 (Feat. 유진 Of 더 씨야),리쌍 (Leessang),이단옆차기 프로젝트 Vol.02,랩/힙합 / 가요,카카오엔터테인먼트,더블킥엔터테인먼트,2013.01.25,1018132,13914359
222,이 밤의 끝,펀치 (Punch),이 밤의 끝,발라드 / 가요,Dreamus,FNC인베스트먼트,2018.05.31,753823,9922481
223,365일,알리 (ALi),After The Love Has Gone,발라드 / 가요,주식회사 이앤스토리뮤직,트로피엔터테인먼트,2009.10.08,713222,8589202
224,기억속의 먼 그대에게,박효신,Neo Classicism,R&B/소울 / 가요,NHN벅스,아이에스뮤직스,2005.06.03,671253,8323485
225,내 입술 따뜻한 커피처럼 (Feat. 이성경) (Prod. by 박근태),에디킴,내 입술 따뜻한 커피처럼,발라드 / 가요,"지니뮤직, Stone Music Entertainment",미스틱엔터테인먼트,2016.04.29,1158715,19583497
226,그 한마디 (바른연애 길잡이 X 이하이),이하이,그 한마디 (바른연애 길잡이 X 이하이),발라드 / 가요,카카오엔터테인먼트,"TOON STUDIO, 느을",2021.03.14,316726,3368373
227,목소리 (Feat. 개리 of 리쌍),백지영,GOOD BOY,댄스 / 가요,카카오엔터테인먼트,WS엔터테인먼트,2012.05.17,337505,2835662
228,너란 봄 (Feat. 하림),정은지,공간,블루스/포크 / 가요,카카오엔터테인먼트,플랜에이 엔터테인먼트,2017.04.10,887339,11725335
229,제자리 걸음,고유진 (플라워),걸음이 느린 아이 Part 2,발라드 / 가요,"지니뮤직, Stone Music Entertainment",엠박스 (Mbox ent),2016.07.21,62421,448304
230,19금 Rap Star,스윙스 (Swings),Rap Star,랩/힙합 / 가요,"지니뮤직, Stone Music Entertainment",저스트뮤직,2014.10.06,67715,388362
231,1분 1초,지연,Never Ever,댄스 / 가요,㈜인터파크,㈜인터파크,2014.05.20,369901,3466001
232,진혼,야다 (Yada),Restructure,락 / 가요,주식회사 쿠킹뮤직,훈엔터테인먼트,2000.12.01,366660,3732497
233,아름답고도 아프구나,비투비,HOUR MOMENT,발라드 / 가요,카카오엔터테인먼트,큐브 엔터테인먼트,2018.11.12,1497818,32209104
234,노래가 늘었어,에일리 (Ailee),노래가 늘었어,R&B/소울 / 가요,카카오엔터테인먼트,YMC엔터테인먼트㈜,2014.01.06,1424483,19371268
235,우유 (하니 SOLO),EXID,Eclipse,댄스 / 가요,Sony Music,바나나컬쳐,2017.04.10,42124,526526
236,날 그만 잊어요,거미 (Gummy),Its Different,R&B/소울 / 가요,YG PLUS,(주)YG엔터테인먼트,2004.09.09,940298,11461666
237,어떤 설레임,라디 (Ra. D),연애조작단 : 시라노 OST Part 3 (tvN 드라마),드라마 / OST,지니뮤직,Stone Music Entertainment,2013.06.17,113266,828453
238,A Fool Moon Night,칵스 (THE KOXX),Enter,인디 / 가요,해피로봇 레코드,해피로봇레코드,2010.06.15,3090,23042
239,숙녀에게,변진섭,희망사항,전체 / 가요,RIAK,,1989.10.25,223176,2004115
240,나만 바라봐,태양,Hot (1st Mini Album),R&B/소울 / 가요,YG PLUS,(주)YG엔터테인먼트,2008.05.22,638620,5299039
241,Ma Boy (마보이),씨스타19,Ma Boy,댄스 / 가요,카카오엔터테인먼트,스타쉽 엔터테인먼트,2011.05.03,569886,4293696
242,Hello,소향,18 어게인 OST Part.2 (JTBC 월화드라마),드라마 / OST,카카오엔터테인먼트,"JTBC 스튜디오, 모스트콘텐츠",2020.09.28,116218,1429959
243,Good-night Kiss,전효성,TOP SECRET,댄스 / 가요,(주)래드컴,(주)RBW,2014.05.12,613806,7051772
244,Another Day,먼데이 키즈 (Monday Kiz) & 펀치 (Punch),호텔 델루나 OST Part.1 (tvN 토일드라마),드라마 / OST,Dreamus,냠냠엔터테인먼트,2019.07.14,1451060,21822261
245,Give It To Me,씨스타 (Sistar),Give It To Me,댄스 / 가요,카카오엔터테인먼트,스타쉽 엔터테인먼트,2013.06.11,866080,9053725
246,아프다,지코 (ZICO) & 소진 (Sojin),가면 OST Part.2 (SBS 수목드라마),드라마 / OST,카카오엔터테인먼트,더블킥엔터테인먼트,2015.06.10,1158284,21900018
247,죽을 만큼 아파서 (Feat. 멜로우),Various Artists,블루브랜드 2집 Trauma Part. 2,랩/힙합 / 가요,지니뮤직,Stone Music Entertainment,2010.06.24,1068098,14845708
248,우리 사랑 여기까지죠,혜령,2 - 아침보다 이른 이별,발라드 / 가요,RIAK,오픈월드엔터테인먼트,2004.10.15,71231,1004404
249,안되나요,Y.G Family,YG Family 10주년 기념 앨범,랩/힙합 / 가요,YG PLUS,(주)YG엔터테인먼트,2006.09.01,191710,1294668
250,연애할까요,황보,Lady In Black,전체 / 가요,㈜다날엔터테인먼트,13 Creative Unit,2007.03.03,719,5843
251,Something,걸스데이 (Girl's Day),걸스데이 미니앨범 3,댄스 / 가요,㈜인터파크,㈜인터파크,2014.01.03,1179766,15808272
252,썸데이 (원곡가수 김동희),Various Artists,'나는 가수다 2' 2012 가왕전 세미파이널,발라드 / 가요,주식회사 블렌딩,MBC (문화방송),2012.12.23,285226,4328930
253,SHAKE IT,씨스타 (Sistar),SHAKE IT,댄스 / 가요,카카오엔터테인먼트,스타쉽 엔터테인먼트,2015.06.22,1639727,28751213
254,행복하지 말아요,엠씨더맥스 (M.C the MAX),Solitude Love…,락 / 가요,오감엔터테인먼트,(주)뮤직앤뉴,2004.11.19,1232937,18225543
255,사랑 범벅 (Feat. 챈슬러 of the channels),MC몽,SONG FOR YOU,랩/힙합 / 가요,카카오엔터테인먼트,(주)RBW,2015.03.02,865363,15875525
256,홀로 된다는 것,변진섭,홀로 된다는 것,전체 / 가요,RIAK,,1988.06.15,170257,1117898
257,좋다,데이브레이크 (DAYBREAK),New Day,인디 / 가요,해피로봇 레코드,해피로봇레코드,2010.01.19,468090,4473366
258,에너지 (Feat. 선예),마이티 마우스 (Mighty Mouth),Energy,랩/힙합 / 가요,뮤직앤뉴,원오원엔터테인먼트,2008.06.16,607370,3849468
259,반지하나,혜령,하늘아래…그리움…,R&B/소울 / 가요,RIAK,오픈월드엔터테인먼트,2007.02.20,158867,1705049
260,왜그래,김현철,Who Stepped on it,발라드 / 가요,RIAK,,1995.10.01,192428,1826185
261,Blue Rain,핑클 (Fin.K.L),Fine Killing Liberty,전체 / 가요,카카오엔터테인먼트,DSP 미디어,1998.05.01,413710,2876500
262,태양처럼,하현우 (국카스텐),태양처럼,발라드 / 가요,카카오엔터테인먼트,722STUDIO,2020.06.13,126913,1458126
263,HONEY BEE (Prod. by 박근태),루나 (LUNA) & 하니 (EXID) & 솔라 (마마무),HONEY BEE,댄스 / 가요,(주)삼쩜일사,"미스틱엔터테인먼트, (주)SM엔터테인먼트, 바나나컬쳐, (주)RBW",2017.01.19,166035,1224526
264,넌 또 다른 나,이승철,청연 OST,한국영화 / OST,NHN벅스,진앤원뮤직웍스,2005.12.20,61270,332748
265,19금 No Mercy,스윙스 (Swings),Swings #1 Mixtape Vol.II,랩/힙합 / 가요,NHN벅스,브랜뉴뮤직 (Brand New Music),2013.02.27,87495,1306430
266,당신을 위하여,더 크로스 (The Cross),Melody Quus,락 / 가요,오감엔터테인먼트,,2003.08.01,473176,6620331
267,19금 때려박는 랩 (Bonus Track) (Battlecry),매드 클라운 (Mad Clown),Piece Of Mine,랩/힙합 / 가요,카카오엔터테인먼트,(주)스타쉽 엑스,2015.01.09,171649,2039450
268,양화대교,Zion.T,양화대교,R&B/소울 / 가요,"지니뮤직, Stone Music Entertainment",아메바컬쳐,2014.09.22,1549737,29264491
269,늪,조관우,My First Story,발라드 / 가요,주식회사 이앤스토리뮤직,실미디어,1994.10.01,227063,1414764
270,좋은 이별이 있을 리가 없잖아 (Feat. 조현아 of 어반자카파),MC몽,FLOWER 9,랩/힙합 / 가요,카카오엔터테인먼트,(주)밀리언마켓,2021.03.02,908632,10037935
271,추억속의 그대,이승기,여행을 떠나요 (1박2일),댄스 / 가요,(주)후크엔터테인먼트,(주)후크엔터테인먼트,2008.05.19,308056,2272646
272,"다시는 사랑하지 않고, 이별에 아파하기 싫어",백지영,"다시는 사랑하지 않고, 이별에 아파하기 싫어",발라드 / 가요,카카오엔터테인먼트,㈜ 스튜디오 오드리,2019.12.22,1718144,28117286
273,두근두근,Various Artists,프로듀사 OST (KBS 금토드라마),드라마 / OST,㈜다날엔터테인먼트,주식회사 로이,2015.05.23,460381,4951736
274,들었다 놨다,데이브레이크 (DAYBREAK),Aurora,락 / 가요,해피로봇 레코드,해피로봇레코드,2010.08.05,362920,3251326
275,D.I.S.C.O (Feat. TOP),엄정화,D.I.S.C.O,댄스 / 가요,YG PLUS,(주)YG엔터테인먼트,2008.07.01,546100,2875648
276,My Way,이수 (엠씨더맥스),돈꽃 OST PART.1 (MBC 주말드라마),드라마 / OST,NHN벅스,"윈드밀이엔티, 뮤직버디",2017.11.11,2411423,57997143
277,음 (Mmmh),카이 (KAI),KAI - The 1st Mini Album,R&B/소울 / 가요,Dreamus,SM ENTERTAINMENT,2020.11.30,148912,7363555
278,다시 와주라,바이브,Vibe In Praha,발라드 / 가요,뮤직앤뉴,태일런스미디어,2010.05.13,722277,7422598
279,"안녕, 오늘의 그대에게",임한별,"안녕, 오늘의 그대에게",발라드 / 가요,카카오엔터테인먼트,"플렉스엠, 니즈뮤직",2020.03.26,592420,9168793
280,미안해요 (Feat. T.O.P) (거미) (MR),SingerTech (싱어텍),SingerTech MR 2013 - Vol.17,전체 / 가요,주식회사 이앤스토리뮤직,Singertech,2013.06.14,229,730
281,너에게 약속하는 7가지,테이 & 간미연,인사(人事) - 연·애·별(緣·愛·別),발라드 / 가요,RIAK,오픈월드엔터테인먼트,2009.11.17,69105,578930
282,꽃 (Feat. Justhis) (Flowers),매드 클라운 (Mad Clown),Piece Of Mine,랩/힙합 / 가요,카카오엔터테인먼트,(주)스타쉽 엑스,2015.01.09,115642,994314
283,꿈(夢),송가인,몽(夢),트로트 / 가요,카카오엔터테인먼트,포켓돌 스튜디오,2020.12.26,24318,571403
284,정신이 나갔었나봐,이승기,정신이 나갔었나봐,드라마 / OST,(주)후크엔터테인먼트,(주)후크엔터테인먼트,2010.08.04,401865,2254067
285,미스터리 (Feat. San E),박지윤,미스터 (Mr.),댄스 / 가요,(주)삼쩜일사,㈜미스틱89 (MYSTIC89),2013.10.21,567352,5547700
286,열두 시가 되면,가인,열두 시가 되면,댄스 / 가요,(주)삼쩜일사,"에이팝엔터테인먼트, 미스틱엔터테인먼트",2015.12.22,342681,4946361
287,Please,플라워 (Flower),Flower Tunes,락 / 가요,3.14,EM컴퍼니,2010.06.03,305692,2843361
288,소원,김현성,소원,발라드 / 가요,㈜인터파크,㈜인터파크,1998.01.01,231371,1489261
289,나를 슬프게 하는 사람들,김경호,Kim:Kyungho 1997,락 / 가요,뮤직앤뉴,웰메이드예당,1997.06.01,668538,5774810
290,2012 김밥 (Ukulele Ver.),자두,Restoration,발라드 / 가요,주식회사 카이오스,제이아미엔터테인먼트,2012.03.22,11985,49528
291,Blue Eyes,쿨 (COOL),Very Best Album Of Cool 1994~2003,댄스 / 가요,지니뮤직,쿨(COOL),2004.04.19,82049,627132
292,흑백사진 (2021) (바른연애 길잡이 X KCM),KCM,흑백사진 (2021) (바른연애 길잡이 X KCM),발라드 / 가요,카카오엔터테인먼트,"TOON STUDIO, 느을",2021.02.06,328774,2635321
293,슬픈 다짐,야다 (Yada),Aquamarine,락 / 가요,,카카오엔터테인먼트,2003.03.01,294231,2225506
294,짧은 치마 (Miniskirt),AOA,짧은 치마,댄스 / 가요,카카오엔터테인먼트,FNC엔터테인먼트,2014.01.16,1331724,18537483
295,가시리,버블 시스터즈 (Bubble Sisters),가시리,발라드 / 가요,㈜다날엔터테인먼트,101doors,2010.02.05,27095,306151
296,난 예술이야,헬로비너스 (HELLOVENUS),Hellovenus 5th Mini Album 난 예술이야,댄스 / 가요,㈜인터파크,판타지오뮤직,2015.07.22,186981,2148987
297,바람꽃,이선희,푸른 바다의 전설 OST Part.6 (SBS 수목드라마),드라마 / OST,카카오엔터테인먼트,젤리피쉬 엔터테인먼트,2016.12.15,369738,3597899
298,링마벨 (Ring My Bell),걸스데이 (Girl's Day),Girl's Day Love Second Album,댄스 / 가요,㈜인터파크,㈜인터파크,2015.07.07,929084,12226564
299,사랑은 다 이러니,홍진영,사랑은 다 이러니,발라드 / 가요,카카오엔터테인먼트,뮤직K,2019.01.04,400923,5242736
300,Bubble Love,Various Artists,조영수 All Star 2.5,발라드 / 가요,지니뮤직,넥스타 엔터테인먼트,2010.03.04,682371,8631026
301,Perhaps Love (사랑인가요) (Prod. by 박근태),에릭남 (Eric Nam) & CHEEZE (치즈),Your BGM Vol.1,발라드 / 가요,3.14,스페이스오디티,2017.09.29,1570317,26387357
302,오빠만 믿어,박현빈,오빠만 믿어 (Single),트로트 / 가요,NHN벅스,인우프로덕션,2007.08.01,65223,518867
303,도망가자 (Feat. 린),MC몽,MISS ME OR DISS ME,랩/힙합 / 가요,카카오엔터테인먼트,(주)RBW,2014.11.03,649849,11858441
304,서커스 (Feat. 임유경 - 달래 음악단 & ＄Howgun),MC몽,Show's Just Begun,랩/힙합 / 가요,NHN벅스,SCM엔터테인먼트,2008.04.17,548795,4148135
305,4시 44분 (Feat. 휘인 of 마마무),박봄 (Park Bom),re:BLUE ROSE,R&B/소울 / 가요,3.14,디네이션,2019.05.02,295526,3121179
306,추억 사랑만큼 (Feat. 강현정 Of Bubble Sisters),브라운 아이드 소울 (Brown Eyed Soul),"The Wind,The Sea,The Rain",R&B/소울 / 가요,"지니뮤직, Stone Music Entertainment",갑엔터테인먼트,2007.10.30,187441,1845403
307,그게 좋은거야 (Time with you),규현 (KYUHYUN),그게 좋은거야 (Time with you),발라드 / 가요,Dreamus,"SM ENTERTAINMENT, Label SJ",2019.05.14,333581,3119804
308,라일락이 질때,이선희,사랑아...,전체 / 가요,(주)후크엔터테인먼트,(주)후크엔터테인먼트,2009.02.25,200164,1575273
309,남잔 다 그래,이우상,One Fine Day,전체 / 가요,다날,(주)골든썸 (GOLDENTHUMB),2009.03.11,27236,655201
310,애모,김수희,김수희 어제와 오늘 (Super Hit 38),트로트 / 가요,오감엔터테인먼트,스타원엔터테인먼트,2003.11.28,144976,905620
311,Starry Night,MOMOLAND (모모랜드),Starry Night,댄스 / 가요,카카오엔터테인먼트,"(주)엠엘디엔터테인먼트, 카카오엔터테인먼트",2020.06.11,29189,169468
312,사랑해 (Feat. 윤은혜),마이티 마우스 (Mighty Mouth),사랑해,랩/힙합 / 가요,뮤직앤뉴,원오원엔터테인먼트,2008.03.03,399077,2527786
313,다시 쓰고 싶어,에일리 (Ailee),이런 꽃 같은 엔딩 OST Part. 3 (플레이리스트 웹드라마),드라마 / OST,3.14,스페이스오디티,2018.02.09,543369,5833765
314,하루의 끝에,V.O.S,제빵왕 김탁구 OST Part.1 (KBS 수목드라마),드라마 / OST,카카오엔터테인먼트,풍년아트콘텐츠,2010.06.11,24768,154866
315,Feeling (Feat. PENOMECO),정세운,PLUS MINUS ZERO,발라드 / 가요,카카오엔터테인먼트,스타쉽 엔터테인먼트,2019.03.19,94755,1828934
316,부끄럼,Various Artists,bright #4,인디 / 가요,해피로봇 레코드,해피로봇레코드,2015.10.07,569325,8187436
317,질투나,Various Artists,더 콜 (The Call) 세 번째 프로젝트,전체 / 가요,지니뮤직,Stone Music Entertainment,2018.06.09,322520,3673780
318,동화,멜로망스 (MeloMance),The Fairy Tale,인디 / 가요,카카오엔터테인먼트,"민트페이퍼, 광합성",2018.07.03,1988209,38101461
319,울어,V.O.S,Routine Free,발라드 / 가요,지니뮤직,스타제국,2009.05.27,486237,8749136
320,두근두근 (Feat. 길미),김종민,두근두근,발라드 / 가요,지니뮤직,김종민,2012.05.11,8872,116581
321,꿈(夢),송가인,몽(夢),트로트 / 가요,카카오엔터테인먼트,포켓돌 스튜디오,2020.12.26,24318,571408
322,가지마,환희,빠담빠담 OST Part.3 (JTBC 월화드라마),드라마 / OST,뮤직앤뉴,더그루브엔터테인먼트 (더그루브컴퍼니),2012.01.16,45038,544154
323,지우개,알리 (ALi),지우개,발라드 / 가요,카카오엔터테인먼트,예당 컴퍼니,2013.01.30,726581,9351534
324,Paradise,효린,IT'S ME,R&B/소울 / 가요,카카오엔터테인먼트,스타쉽 엔터테인먼트,2016.11.08,130354,954022
325,첫 눈 그리고 첫 키스,드라마 (달마시안) with 요섭 (비스트),첫 눈 그리고 첫 키스 (Digital Single),발라드 / 가요,"지니뮤직, Stone Music Entertainment",IS엔터테인먼트,2010.11.29,154123,1041780
326,투명 우산 (Don't Let Me Go),SHINee (샤이니),1 of 1 - The 5th Album,댄스 / 가요,Dreamus,SM ENTERTAINMENT,2016.10.05,335278,5218909
327,체념 後(후),빅마마 (Big Mama),It's Unique,R&B/소울 / 가요,YG PLUS,,2005.05.18,333649,2864618
328,바보에게...바보가,박명수,바보에게...바보가,발라드 / 가요,퍼플파인 엔터테인먼트,㈜아쿠아그로,2008.04.04,461998,5329754
329,사랑이라 쓰고 아픔이라 부른다,서인영,Lov-Elly (EP),발라드 / 가요,지니뮤직,스타제국,2010.06.01,441403,4943809
330,만약에 말야 (전우성 Solo),노을,TIME FOR LOVE,발라드 / 가요,카카오엔터테인먼트,아이티엠엔터테인먼트,2012.11.06,885330,11338925
331,긴 생머리 그녀 (Miss Right),틴 탑 (Teen Top),No.1,댄스 / 가요,카카오엔터테인먼트,㈜티오피미디어,2013.02.25,542882,4361531
332,쎈언니,제시,쎈언니,랩/힙합 / 가요,NHN벅스,YMC엔터테인먼트㈜,2015.09.15,461652,5032181
333,Pretty,IZ*ONE (아이즈원),Oneiric Diary (幻想日記),댄스 / 가요,"지니뮤직, Stone Music Entertainment","OFF THE RECORD Entertainment, SWING Entertainment",2020.06.15,109312,1411443
334,약속,김범수,A Promise..,발라드 / 가요,(주)비씨에스뮤직,Team Entertainment,1999.04.01,204230,1730490
335,어쩌다,브라운아이드걸스,My Style,댄스 / 가요,뮤직앤뉴,내가네트워크,2008.09.10,799978,7139264
336,Lonely,2NE1,Lonely,발라드 / 가요,YG PLUS,(주)YG엔터테인먼트,2011.05.12,1078277,10505876
337,동네술집,허각 & 정인,동네술집,발라드 / 가요,카카오엔터테인먼트,"에이큐브 엔터테인먼트, 더블킥엔터테인먼트",2015.05.22,798051,9919162
338,와줘..,SE7EN,Just Listen...,R&B/소울 / 가요,YG PLUS,,2003.03.08,506583,3551790
339,나의 모든 날,김세정,사랑의 불시착 OST Part 8 (tvN 토일 드라마),드라마 / OST,지니뮤직,Stone Music Entertainment,2020.02.01,744915,7865848
340,일년을 하루같이,Various Artists,쩐의 전쟁 OST 1.5집,드라마 / OST,뮤직앤뉴,(주)뮤직앤뉴,2007.06.14,187942,1999837
341,나혼자 (Alone),씨스타 (Sistar),ALONE,댄스 / 가요,카카오엔터테인먼트,스타쉽 엔터테인먼트,2012.04.12,805097,7393344
342,뒷모습이 참 예뻤구나 (At close),규현 (KYUHYUN),The 1st Mini Album '광화문에서 (At Gwanghwamun)',발라드 / 가요,Dreamus,SM ENTERTAINMENT,2014.11.13,332239,2713690
343,얼음꽃,에일리 (Ailee),야왕 OST Part.2 (SBS 월화드라마),드라마 / OST,카카오엔터테인먼트,제이엔제이엔터테인먼트,2013.01.28,633805,6088926
344,하늘색 풍선,지오디 (god),Chapter 3,발라드 / 가요,,신나라뮤직,2000.11.01,419347,2969517
345,목격자,박지윤,미스터 (Mr.),댄스 / 가요,(주)삼쩜일사,㈜미스틱89 (MYSTIC89),2013.10.21,39882,248737
346,Because I Love You,거미 (Gummy),엽기적인 그녀 OST Part.3 (SBS 월화드라마),드라마 / OST,(주)삼쩜일사,㈜래몽래인,2017.06.19,107799,558032
347,반짝반짝,걸스데이 (Girl's Day),Girl's Day Party #3,댄스 / 가요,㈜인터파크,㈜인터파크,2011.03.18,617660,4712570
348,첫째 날 (With 나얼),에코브릿지 (Eco bridge),Fall-Ache,발라드 / 가요,지니뮤직,인넥스트트렌드,2010.10.21,286231,4199438
349,잘 살고 있다,V.O.S,잘 살고 있다,발라드 / 가요,카카오엔터테인먼트,㈜ 스튜디오 오드리,2019.12.02,851710,15251769
350,無恨之愛 (무한지애),김정민,Change,발라드 / 가요,뮤직앤뉴,다해이엔티,1996.10.01,204117,1868597
351,못된 여자 Ⅱ (With 서인영),원투 (One Two),못된 여자 Ⅱ (Digital Single),발라드 / 가요,지니뮤직,Stone Music Entertainment,2009.10.23,415723,4858728
352,나와 같다면 (김장훈),Various Artists,'서바이벌 나는 가수다' 경연3-2. 네티즌 추천곡,발라드 / 가요,주식회사 블렌딩,MBC (문화방송),2011.05.22,407401,3904950
353,Amen,몬스타엑스,RUSH,랩/힙합 / 가요,카카오엔터테인먼트,스타쉽 엔터테인먼트,2015.09.07,28953,316560
354,너에겐 이별 나에겐 기다림,Various Artists,성균관 스캔들 OST (KBS 월화드라마),드라마 / OST,(주)삼쩜일사,㈜래몽래인,2010.09.16,37129,307663
355,얼쑤,윙크,얼쑤,트로트 / 가요,NHN벅스,인우프로덕션,2010.02.02,132096,1303686
356,난 네게 (Acoustik RMX) (Feat. Inbar),라디 (Ra. D),RealCollabo＋RMX,랩/힙합 / 가요,"지니뮤직, Stone Music Entertainment",리얼콜라보,2009.07.15,52211,340641
357,혼자만 하는 사랑,거미 (Gummy),For The Bloom,R&B/소울 / 가요,YG PLUS,(주)YG엔터테인먼트,2005.08.25,675564,6467563
358,I'm In Love (Piano RMX),라디 (Ra. D),RealCollabo＋RMX,랩/힙합 / 가요,"지니뮤직, Stone Music Entertainment",리얼콜라보,2009.07.15,606119,7454902
359,애인만들기,Various Artists,꽃보다 남자 OST Part.2,드라마 / OST,미러볼뮤직,다해이엔티,2009.03.16,196744,2483569
360,어머니의 된장국 (Feat. Ra.D),다이나믹 듀오,4집 Last Days : 최후의 날,랩/힙합 / 가요,"지니뮤직, Stone Music Entertainment",아메바컬쳐,2008.08.11,180281,1390223
361,마주보며 서 있어,인피니트 (Infinite),Reality,댄스 / 가요,카카오엔터테인먼트,울림엔터테인먼트,2015.07.13,86396,1184628
362,TONIGHT,BIGBANG,빅뱅 미니앨범 4집,댄스 / 가요,YG PLUS,(주)YG엔터테인먼트,2011.02.24,761915,6187787
363,샤넬 (Feat. 박봄),MC몽,CHANNEL 8,랩/힙합 / 가요,Dreamus,(주)밀리언마켓,2019.10.25,1360307,17988333
364,예쁜 나이 25살,송지은,25 (스물 다섯),댄스 / 가요,(주)래드컴,(주)RBW,2014.10.14,398178,4182447
365,오빠는 풍각쟁이,Various Artists,트롯 전국체전 PART.9,트로트 / 가요,카카오엔터테인먼트,포켓돌 스튜디오,2021.02.07,9718,77833
366,LOVE IS YOU,케이윌 & 씨스타 & 정기고 & 매드클라운 & 보이프렌드 & 주영,STARSHIP PLANET 2014 (스타쉽플래닛),댄스 / 가요,카카오엔터테인먼트,스타쉽 엔터테인먼트,2014.12.04,397997,3549026
367,문자 (Feat. 백지영),마리오 (Mario),문자,랩/힙합 / 가요,카카오엔터테인먼트,에이큐브 엔터테인먼트,2012.02.03,87132,772452
368,만만하니,유키스 (U-KISS),Conti Ukiss,댄스 / 가요,다날,(주)앤에이취이엠쥐,2009.11.06,453914,2547207
369,취향저격,iKON,WELCOME BACK,랩/힙합 / 가요,YG PLUS,(주)YG엔터테인먼트,2015.11.16,1438675,28849739
370,휴식같은 친구,김민우,1집 사랑일뿐야,전체 / 가요,오감엔터테인먼트,,1990.01.01,42463,300612
371,비가 내리는 날에는,윤하 (YOUNHA),STABLE MINDSET,발라드 / 가요,카카오엔터테인먼트,C9엔터테인먼트(얼라이브),2019.07.02,1714640,29634832
372,러브119 (Feat. MC몽),케이윌 (K.Will),눈물이 뚝뚝,발라드 / 가요,,스타쉽 엔터테인먼트,2009.03.31,294967,1997496
373,스토커 (Feat. 매드클라운) (Stalker),효린,LOVE&HATE,댄스 / 가요,카카오엔터테인먼트,스타쉽 엔터테인먼트,2013.11.26,266237,2669628
374,마주치지 말자 (Let’s not…),SUPER JUNIOR (슈퍼주니어),"The 3rd Album '쏘리 쏘리(SORRY, SORRY)'",댄스 / 가요,Dreamus,SM ENTERTAINMENT,2009.03.09,28968,355483
375,Good Boy (Feat. 용준형 of 비스트),백지영,GOOD BOY,댄스 / 가요,카카오엔터테인먼트,WS엔터테인먼트,2012.05.17,194223,1129128
376,좋은 사람 만나요 (Feat. 환희),메이비 (MayBee),A Letter From Abell1689,발라드 / 가요,지니뮤직,플럭서스뮤직,2006.03.30,27545,153629
377,이 별,길구봉구,Star,발라드 / 가요,지니뮤직,(주)뮤직웍스,2017.09.18,2385623,58452500
378,미쳤어 (Feat. 에릭),손담비,손담비 Mini Album vol. 2,전체 / 가요,카카오엔터테인먼트,플레디스 엔터테인먼트,2008.09.18,542717,3443193
379,더 만나봤자 뭐해,지아 (Zia),트리플 썸 2 OST Part.2 (웹드라마),드라마 / OST,카카오엔터테인먼트,㈜ 스튜디오 오드리,2019.08.20,169381,2499163
380,찬찬찬,편승엽,찬찬찬,트로트 / 가요,RIAK,,1992.01.01,46049,315764
381,그 사람... 욕하지 마요,천상지희 더 그레이스 (The Grace),"한번 더, OK?",댄스 / 가요,Dreamus,SM ENTERTAINMENT,2007.05.04,4977,36427
382,니가 필요해 (I Need You),베스티,Mini Album Digital Repackage,댄스 / 가요,카카오엔터테인먼트,YNB Entertainment (와이앤비엔터테인먼트),2014.08.29,160667,1038524
383,아이스크림,MC몽,MC몽 Repackage,랩/힙합 / 가요,,,2006.12.13,339081,2799711
384,Stand By Me,Various Artists,꽃보다 남자 OST,드라마 / OST,미러볼뮤직,다해이엔티,2009.01.08,481041,4786293
385,각 (Angle),황치열,Be Ordinary,발라드 / 가요,NHN벅스,하우엔터테인먼트,2017.06.13,42716,359808
386,바보에게...바보가,박명수,바보에게...바보가,발라드 / 가요,퍼플파인 엔터테인먼트,㈜아쿠아그로,2008.04.04,461999,5329766
387,대박사건 (Crash),B.A.P,대박사건,댄스 / 가요,(주)래드컴,(주)RBW,2012.08.29,280108,2871517
388,Running,Luke McMaster,Time,중국음악 / POP,Universal Music,Deep Wave Records,2021.10.15,1,1
389,사랑이란 멜로는 없어,전상근,사랑이란 멜로는 없어,발라드 / 가요,카카오엔터테인먼트,㈜ 스튜디오 오드리,2019.09.08,2196904,58842314
390,Lay Back,케이윌 (K.Will),The 3rd Album Part.2 'Love Blossom (러브블러썸)',발라드 / 가요,카카오엔터테인먼트,스타쉽 엔터테인먼트,2013.04.04,451701,5027422
391,언젠가 설명이 필요한 밤 (바니와 오빠들 X 승희 (오마이걸)),승희 (오마이걸),언젠가 설명이 필요한 밤 (바니와 오빠들 X 승희 (오마이걸)),발라드 / 가요,카카오엔터테인먼트,"TOON STUDIO, 느을",2020.12.09,75222,450563
392,그리워서 눈물나서,이수영,유령 OST Part.4 (SBS 월화드라마),드라마 / OST,카카오엔터테인먼트,(주)에이치비엔터테인먼트,2012.07.02,20753,103280
393,너나 잘해,에일리 (Ailee),VIVID,댄스 / 가요,카카오엔터테인먼트,YMC엔터테인먼트㈜,2015.09.30,757411,8307889
394,행복해,송하예,Happy,발라드 / 가요,카카오엔터테인먼트,더하기미디어,2020.10.17,487488,8365530
395,휘경동 부르스,Various Artists,트롯 전국체전 FINAL,트로트 / 가요,카카오엔터테인먼트,포켓돌 스튜디오,2021.02.21,8176,93044
396,노래,Zion.T,OO,R&B/소울 / 가요,YG PLUS,(주)YG엔터테인먼트,2017.02.01,1446731,20783435
397,노래 불러줘요 (Feat. 아이유),지오디 (god),Chapter 8,전체 / 가요,카카오엔터테인먼트,"sidus HQ, god",2014.07.08,538010,4646850
398,마카롱,걸스데이 (Girl's Day),Girl's Day Love Second Album,댄스 / 가요,㈜인터파크,㈜인터파크,2015.07.07,92445,366979
399,나쁜손 (Feat. 버벌진트) (Naughty Hands),씨스타 (Sistar),TOUCH N MOVE,댄스 / 가요,카카오엔터테인먼트,스타쉽 엔터테인먼트,2014.07.21,565589,4765747
400,니가 뭔데 (Who You?),G-DRAGON,쿠데타 'COUP D'ETAT',랩/힙합 / 가요,YG PLUS,(주)YG엔터테인먼트,2013.09.05,683205,9541047
401,So fresh(feat.김태우)(위대한 캣츠비 OST 삽입곡),MC몽,So fresh,랩/힙합 / 가요,Fantom Entertainment Group,Fantom Entertainment Group (팬텀),2007.06.27,450366,4544252
402,"날 봐, 귀순",대성,"날 봐, 귀순 (Digital Single)",트로트 / 가요,YG PLUS,(주)YG엔터테인먼트,2008.06.16,135036,845741
403,사랑할래,Various Artists,결혼 못하는 남자 OST,드라마 / OST,"지니뮤직, Stone Music Entertainment",사과나무픽쳐스,2009.06.26,2747,19364
404,욕심,멜로망스 (MeloMance),욕심,인디 / 가요,카카오엔터테인먼트,"민트페이퍼, 광합성",2018.04.26,1571237,24661272
405,갈 수가 없어,벤,이번 생은 처음이라 OST Part 8 (tvN 월화드라마),드라마 / OST,지니뮤직,Stone Music Entertainment,2017.11.21,1005617,14568098
406,안아줘요,10CM,안아줘요,인디 / 가요,해피로봇 레코드,해피로봇레코드,2011.08.16,611594,4890051
407,여기에 있자,Various Artists,bright #7,인디 / 가요,카카오엔터테인먼트,"민트페이퍼, 광합성",2018.09.09,103894,966478
408,갈 곳이 없어,거미 (Gummy),갈 곳이 없어,발라드 / 가요,카카오엔터테인먼트,씨제스 엔터테인먼트 (C-JeS Entertainment),2014.10.20,168966,1116950
409,For You,플라워 (Flower),Bandlife,락 / 가요,오감엔터테인먼트,엔터원,2001.06.01,88481,873000
410,넌 감동이야,비투비,Move,댄스 / 가요,카카오엔터테인먼트,큐브 엔터테인먼트,2014.09.29,135849,1518718
411,NAVY (첫 번째 '실종아동 찾기 캠페인'),방재민,실종아동 찾기 Part 1 'NAVY',R&B/소울 / 가요,Dreamus,"퍼스트유니온, 원소울이앤엠",2021.04.04,6441,15190
412,사랑했다 미워했다 (I Loved You),황치열,The Four Seasons,전체 / 가요,NHN벅스,하우엔터테인먼트,2019.01.21,42158,860186
413,홈런 (Feat. 옥주현),MC몽,His Story,랩/힙합 / 가요,지니뮤직,Stone Music Entertainment,2005.05.13,425294,3363318
414,넌 달라,다이아 (DIA),LOVE GENERATION,댄스 / 가요,㈜인터파크,MBK엔터테인먼트,2017.08.22,10971,105356
415,4월 이야기 (April Story),장나라,First Story,발라드 / 가요,(주)비씨에스뮤직,(주)내츄럴나인,2001.06.01,317448,1705021
416,오랜만이죠 (Feat. 신지수),라디 (Ra. D),오랜만이죠,R&B/소울 / 가요,카카오엔터테인먼트,카카오엔터테인먼트,2013.02.05,280103,3151924
417,우리의 사랑이 필요한거죠,변진섭,희망사항,전체 / 가요,RIAK,,1989.10.25,77961,482269
418,애련(哀戀),컨츄리 꼬꼬,Color Of Chameleon,댄스 / 가요,Dreamus,,1999.06.01,87565,693456
419,노래 불러줘요 (Feat. 아이유),지오디 (god),Chapter 8,전체 / 가요,카카오엔터테인먼트,"sidus HQ, god",2014.07.08,538010,4646853
420,If You,에일리 (Ailee),If You,발라드 / 가요,카카오엔터테인먼트,YMC엔터테인먼트㈜,2016.08.23,1216527,20012559
421,어린애 (Girls),NATURE (네이처),NATURE WORLD : CODE M,댄스 / 가요,"지니뮤직, Stone Music Entertainment",n.CH엔터테인먼트,2020.06.17,20247,169520
422,발작(發作),원티드 (Wanted),Like The First,R&B/소울 / 가요,주식회사 사운드리퍼블리카,생존기획,2004.06.04,369251,2266851
423,Something,강다니엘,편의점 샛별이 OST Part.1 (SBS 금토드라마),드라마 / OST,Dreamus,모스트콘텐츠,2020.06.19,134188,5280314
424,이름이 뭐예요?,4minute (포미닛),Name Is 4minute,댄스 / 가요,카카오엔터테인먼트,큐브 엔터테인먼트,2013.04.26,638981,5214870
425,슬픔을 참는 세가지 방법,혜령,To Expection First,R&B/소울 / 가요,RIAK,WEA Records Korea,2003.02.05,379605,2535203
426,Would You...,박지훈,O'CLOCK,발라드 / 가요,NHN벅스,마루기획㈜,2019.03.26,40262,4618503
427,Bungee,백현 (BAEKHYUN),Delight - The 2nd Mini Album,R&B/소울 / 가요,Dreamus,SM ENTERTAINMENT,2020.05.25,338042,6626557
428,세상... 단 한번의 사랑,Various Artists,사랑에 미치다 OST (SBS 특별기획 드라마),드라마 / OST,오감엔터테인먼트,럭키사운드,2007.02.26,44701,436257
429,죽을만큼 아파서 Part.2 (Feat. 스웨덴세탁소),MC몽,MISS ME OR DISS ME,랩/힙합 / 가요,카카오엔터테인먼트,(주)RBW,2014.11.03,617300,8607594
430,고래의 꿈 (Falling In Love Again) (Feat. 김영근 (Bobby's Father)),바비 킴 (Bobby Kim),Beats Within My Soul,랩/힙합 / 가요,지니뮤직,㈜오스카이엔티,2004.08.06,332072,2539429
431,새벽 가로수길 (With 송유빈),백지영,새벽 가로수길,발라드 / 가요,"지니뮤직, Stone Music Entertainment",(주)뮤직웍스,2015.03.24,1066466,16839656
432,미운오리새끼,지오디 (god),Chapter 8,전체 / 가요,카카오엔터테인먼트,"sidus HQ, god",2014.07.08,489037,3455778
433,엄마,라디 (Ra. D),Realcollabo,R&B/소울 / 가요,"지니뮤직, Stone Music Entertainment",리얼콜라보,2008.12.12,352807,3402586
434,그대가 나를 본다면,반하나,그대가 나를 본다면,발라드 / 가요,주식회사 루미넌트엔터테인먼트,Soundmedic,2014.05.09,366467,8062800
435,너를 공부해,소란 (SORAN),너를 공부해,인디 / 가요,해피로봇 레코드,해피로봇레코드,2017.01.13,423727,5007641
436,With Me,휘성 (Realslow),It's Real,R&B/소울 / 가요,YG PLUS,,2003.08.21,1054725,9916401
437,심쿵해 (Heart Attack),AOA,Heart Attack,댄스 / 가요,카카오엔터테인먼트,FNC엔터테인먼트,2015.06.22,1555180,32217910
438,Fiction,비스트 (Beast),Fiction and Fact,댄스 / 가요,카카오엔터테인먼트,큐브 엔터테인먼트,2011.05.17,836837,9154683
439,마네킹,이루 (Eru),Eru Returns,전체 / 가요,리얼네트웍스아시아퍼시픽(주),이루엔터테인먼트,2007.09.21,33929,512820
440,집에만 있었지 (바니와 오빠들 X 백아연),백아연,집에만 있었지 (바니와 오빠들 X 백아연),R&B/소울 / 가요,카카오엔터테인먼트,"TOON STUDIO, 느을",2021.02.27,40226,271976
441,독약 (毒藥) (Feat. 해리 Of 다비치),더 씨야 (THE SEE YA),LOVE U,발라드 / 가요,㈜인터파크,㈜인터파크,2012.12.06,129052,894041
442,오늘 술 한잔해요,지아 (Zia),오늘 술 한잔해요,발라드 / 가요,카카오엔터테인먼트,722STUDIO,2020.07.03,257813,2555668
443,마지막 약속,김정민,4 LOVE,락 / 가요,뮤직앤뉴,다해이엔티,1995.10.01,250258,1728922
444,입영열차안에서,김민우,1집 사랑일뿐야,전체 / 가요,오감엔터테인먼트,,1990.01.01,192669,1130362
445,가식걸,씨스타 (Sistar),가식걸,댄스 / 가요,카카오엔터테인먼트,스타쉽 엔터테인먼트,2010.08.25,558475,3902356
446,거문고야,송가인,몽(夢),트로트 / 가요,카카오엔터테인먼트,포켓돌 스튜디오,2020.12.26,13909,538532
447,내 생에 아름다운,케이윌 (K.Will),뷰티 인사이드 OST Part.4 (JTBC 월화드라마),드라마 / OST,뮤직앤뉴,"뮤직앤뉴, 스튜디오앤뉴",2018.10.23,2676175,66040306
448,D-Day,정기고 (Junggigo),내 아이디는 강남미인 OST Part.5 (JTBC 금토드라마),드라마 / OST,워너뮤직,withHC,2018.08.24,146870,1703255
449,STAY THE NIGHT (Feat. DeVita),GRAY (그레이),STAY THE NIGHT (취향저격 그녀 X GRAY),랩/힙합 / 가요,카카오엔터테인먼트,"TOON STUDIO, 느을",2020.08.12,221816,2293531
450,나는... (Feat. Ivy),MC몽,Humanimal Repackage,랩/힙합 / 가요,"지니뮤직, Stone Music Entertainment",M.A. Wild Dog,2009.10.06,281615,4293628
451,봄처럼,김보경 (NEON),봄처럼,전체 / 가요,Sony Music,Sony Music,2011.03.16,24785,263800
452,화 (Feat. 진실 of Mad Soul Child) (Fire),매드 클라운 (Mad Clown),Piece Of Mine,랩/힙합 / 가요,카카오엔터테인먼트,(주)스타쉽 엑스,2015.01.09,1096766,18114436
453,기억해...사랑해… (Remastered 2021),플라워 (Flower),Flower Tunes (Remastered 2021),락 / 가요,3.14,EM컴퍼니,2021.02.04,1586,8392
454,기대해,걸스데이 (Girl's Day),기대,댄스 / 가요,㈜인터파크,㈜인터파크,2013.03.14,662589,6306045
455,Good Good Time,코요태,GOOD GOOD HAN KOYOTE (굿굿한 코요태),댄스 / 가요,카카오엔터테인먼트,PK미디어,2011.08.19,21030,130748
456,Couple Song (Feat. Kelley),라디 (Ra. D),Realcollabo,R&B/소울 / 가요,"지니뮤직, Stone Music Entertainment",리얼콜라보,2008.12.12,238564,1561353
457,보고싶어,걸스데이 (Girl's Day),보고싶어,발라드 / 가요,㈜인터파크,㈜인터파크,2014.10.15,404435,4811541
458,니가 참 좋아 (Prod. by 박근태),10CM,니가 참 좋아,댄스 / 가요,"지니뮤직, Stone Music Entertainment",미스틱엔터테인먼트,2016.06.16,867641,8625290
459,하고싶은 말,김태우,김태우 Solo Special Album,발라드 / 가요,카카오엔터테인먼트,소울샵엔터테인먼트,2006.10.26,482233,4307825
460,Hello Bubble,걸스데이 (Girl's Day),Hello Bubble,댄스 / 가요,㈜인터파크,㈜인터파크,2015.05.12,326625,2759199
461,No Make Up,Zion.T,No Make Up,R&B/소울 / 가요,"지니뮤직, Stone Music Entertainment",아메바컬쳐,2015.10.12,1552211,29115581
462,넘쳐흘러,엠씨더맥스 (M.C the MAX),Circular,발라드 / 가요,카카오엔터테인먼트,325 이엔씨,2019.01.02,2566901,69012776
463,눈물 내리는 날 (비),조트리오,첫 만찬,발라드 / 가요,조트리오,조트리오,2016.06.10,6245,57975
464,비정 (非情),김경호,Kyung-Ho Kim IV,락 / 가요,뮤직앤뉴,웰메이드예당,1999.04.01,207997,1565991
465,다시 만난 날,휘성 (Realslow),It's Real,R&B/소울 / 가요,YG PLUS,,2003.08.21,677853,5569885
466,파라다이스 (메인 테마),Various Artists,꽃보다 남자 OST,드라마 / OST,미러볼뮤직,다해이엔티,2009.01.08,349287,2268463
467,촌스럽게 왜 이래 (You Don't Know Love),케이윌 (K.Will),Will In FALL,발라드 / 가요,카카오엔터테인먼트,스타쉽 엔터테인먼트,2013.10.18,608549,5643518
468,19금 집에 가지마,GD & TOP,GD & TOP 정규앨범 1집,랩/힙합 / 가요,YG PLUS,(주)YG엔터테인먼트,2010.12.24,494437,5082107
469,넌 언제나 (디깅클럽서울 Ver.),데이브레이크 (DAYBREAK),온스테이지 디깅클럽서울 Part.05,발라드 / 가요,해피로봇 레코드,"네이버 문화재단, 스페이스오디티, 해피로봇 레코드",2018.12.15,95620,763750
470,바람고개,Various Artists,트롯 전국체전 FINAL,트로트 / 가요,카카오엔터테인먼트,포켓돌 스튜디오,2021.02.21,19613,226844
471,사뿐사뿐,AOA,사뿐사뿐,댄스 / 가요,카카오엔터테인먼트,FNC엔터테인먼트,2014.11.11,1128438,19281756
472,In The Club,2NE1,2NE1 1st Mini Album,댄스 / 가요,YG PLUS,(주)YG엔터테인먼트,2009.07.01,488696,4938522
473,아미가르 레스토랑,쎄쎄쎄,Se Se Se,전체 / 가요,RIAK,,1996.01.01,15506,140718
474,사랑해요,김범수,함부로 애틋하게 OST Part.9 (KBS2 수목드라마),드라마 / OST,카카오엔터테인먼트,"삼화네트웍스, iHQ, ㈜가지컨텐츠",2016.08.04,926344,14978981
475,화려한 날은 가고,유열,유열,발라드 / 가요,RIAK,,1988.06.12,8447,84614
476,Reason (Male Ver.),Various Artists,타짜OST,전체 / OST,지니뮤직,올리브나인,2008.10.01,34868,281624
477,화등,김수희,"화등, 키스",트로트 / 가요,RIAK,,2007.05.01,37540,551467
478,Sweet Dream (Andante),알렉스 (Alex),'Melody' Project Part 1,발라드 / 가요,지니뮤직,(주)지니뮤직,2010.03.18,1210,6860
479,한번만 안아줘,걸스데이 (Girl's Day),Everyday,댄스 / 가요,㈜인터파크,㈜인터파크,2011.07.07,271547,1743653
480,공일공 (010),이우,공일공 (010),발라드 / 가요,카카오엔터테인먼트,케이에이치컴퍼니,2018.11.23,407348,6789622
481,죄와벌(club mix),Various Artists,THE VOICES,전체 / 가요,오감엔터테인먼트,,2005.07.27,4073,17321
482,보란듯이 (Feat. 앤덥),손승연,보란듯이,R&B/소울 / 가요,"지니뮤직, Stone Music Entertainment",캐치팝 엔터테인먼트,2016.07.05,220700,3135635
483,The Romantic,투개월,The Romantic OST Part.1,전체 / OST,지니뮤직,Stone Music Entertainment,2012.02.10,166218,1054039
484,둘만 아는 말투 (Feat. Ra.D & Paloalto),제리케이 (Jerry.K),둘만 아는 말투,랩/힙합 / 가요,주식회사 루미넌트엔터테인먼트,DAZE ALIVE,2014.08.22,147463,1061931
485,Reset (Feat. 진실 of Mad Soul Child),타이거JK,후아유-학교 2015 OST Part 1 (KBS 월화드라마),드라마 / OST,"지니뮤직, Stone Music Entertainment","Stone Music Entertainment, 냠냠엔터테인먼트",2015.04.27,363090,4519527
486,모르시나요,다비치,아이리스Ⅱ OST Part 1 (KBS 수목드라마),드라마 / OST,지니뮤직,(주)태원엔터테인먼트,2013.02.13,863956,10170550
487,헤어졌다 만났다,다비치,Again,댄스 / 가요,㈜인터파크,㈜인터파크,2014.06.05,783536,7374767
488,흩어진 나날들,강수지,흩어진 나날들,발라드 / 가요,오감엔터테인먼트,,1991.05.01,120483,768936
489,Mazeltov,ZE:A (제국의아이들),Nativity (Single),댄스 / 가요,지니뮤직,스타제국,2010.01.07,185688,1213877
490,시퍼런 봄,쏜애플 (THORNAPPLE),이상기후,인디 / 가요,해피로봇 레코드,해피로봇레코드,2014.06.12,102361,1218134
491,처음 느껴본 이별 (Feat. 곽진언),정은지,공간,블루스/포크 / 가요,카카오엔터테인먼트,플랜에이 엔터테인먼트,2017.04.10,252321,1667632
492,오늘 밤 (Feat. 배치기),린 (LYn),Le Grand Bleu,발라드 / 가요,뮤직앤뉴,(주)뮤직앤뉴,2014.03.06,309106,1987176
493,유리 심장 (Feat. 용준형 Of 비스트),린 (LYn),LYn 8th #1 유리 심장,R&B/소울 / 가요,뮤직앤뉴,(주)뮤직앤뉴,2013.04.26,502305,5377111
494,Tears,이병헌,To Me,전체 / 가요,오감엔터테인먼트,도레미미디어,1999.07.30,18828,120614
495,아무런 말들도,백지영 & 옹성우,아무런 말들도,발라드 / 가요,카카오엔터테인먼트,트라이어스,2020.05.12,254673,2479720
496,다 생각나서,김민석 (멜로망스),cinema,인디 / 가요,카카오엔터테인먼트,"민트페이퍼, 광합성",2019.09.20,124175,701866
497,미친거니,바이브,Vibe In Praha,발라드 / 가요,뮤직앤뉴,태일런스미디어,2010.05.13,721562,8532367
498,한사람을 사랑하고 있어 (화사 & 휘인 (마마무)) (Prod. by 김현철),화사 (Hwa sa) & 휘인 (Whee In) & 김현철,Fe's 10th - Preview,발라드 / 가요,카카오엔터테인먼트,에프이엔터테인먼트,2019.05.23,85420,618973
499,연결고리 (Feat. MC Meta),ILLIONAIRE RECORDS,11:11,랩/힙합 / 가요,"지니뮤직, Stone Music Entertainment",ILLIONAIRE RECORDS (일리네어 레코즈),2014.05.21,371636,4807461
500,뛰뛰빵빵,비투비,뛰뛰빵빵,댄스 / 가요,카카오엔터테인먼트,큐브 엔터테인먼트,2014.02.17,350783,3601478
501,너에게 닿기를 (I Wish),우주소녀,From. 우주소녀,댄스 / 가요,카카오엔터테인먼트,스타쉽 엔터테인먼트,2017.01.04,542069,8843444
502,JUST U (Prod. by GroovyRoom),정세운,EVER,R&B/소울 / 가요,카카오엔터테인먼트,스타쉽 엔터테인먼트,2017.08.31,649995,8105940
503,Lonely,윤하 (YOUNHA),STABLE MINDSET,발라드 / 가요,카카오엔터테인먼트,C9엔터테인먼트(얼라이브),2019.07.02,118131,1230445
504,그남자,Various Artists,시크릿 가든 OST Part.5 (SBS 주말드라마),드라마 / OST,카카오엔터테인먼트,JS MUSIC,2011.01.07,364742,2473588
505,투게더,DJ DOC,풍류,랩/힙합 / 가요,NHN벅스,쇼글로브,2010.07.29,77700,768423
506,너만 봐 (Feat. The Channels),정유지 (유지),너만 봐,R&B/소울 / 가요,카카오엔터테인먼트,YNB Entertainment (와이앤비엔터테인먼트),2015.02.17,82773,528832
507,Mr. Potter,다이아 (DIA),Spell,댄스 / 가요,㈜인터파크,MBK엔터테인먼트,2016.09.13,98554,1003557
508,꿈처럼 내린,다비치,뷰티 인사이드 OST Part.3 (JTBC 월화드라마),드라마 / OST,뮤직앤뉴,"뮤직앤뉴, 스튜디오앤뉴",2018.10.16,1571229,25214804
509,불꽃처럼,JBJ95,SPARK,댄스 / 가요,"지니뮤직, Stone Music Entertainment",스타로드엔터테인먼트,2019.08.06,29289,537746
510,그대가 내 안에 박혔다,황치열,그대가 내 안에 박혔다,발라드 / 가요,NHN벅스,하우엔터테인먼트,2018.11.20,741858,12727941
511,눈물이 주르륵,손담비,눈물이 주르륵,댄스 / 가요,NHN벅스,스카이뮤직,2012.11.12,110638,1009102
512,My Love,거미 (Gummy),더 킹 : 영원의 군주 OST Part 11 (SBS 금토드라마),드라마 / OST,"지니뮤직, Stone Music Entertainment","Stone Music Entertainment, 화앤담픽쳐스",2020.05.23,169828,1379226
513,진통제,티아라 & 더 씨야 & 파이브돌스 & 스피드,Tears Of Mind,발라드 / 가요,㈜인터파크,㈜인터파크,2013.06.10,61053,765027
514,그 남잔 말야,엠씨더맥스 (M.C the MAX),냄새를 보는 소녀 OST Part.5 (SBS 수목드라마),드라마 / OST,카카오엔터테인먼트,(주)도너츠컬처,2015.04.23,1363655,23885616
515,사실은,한해 & 양다일,연애포차 OST Part.1 (플레이리스트 웹드라마),드라마 / OST,3.14,스페이스오디티,2018.04.04,92001,694489
516,행복,소란 (SORAN),Share,인디 / 가요,카카오엔터테인먼트,해피로봇레코드,2018.12.06,209932,1700765
517,내머리가나빠서 (SS501),Various Artists,인기가요 스페셜,전체 / 가요,(주)킹덤엔터테인먼트,킹덤엔터테인먼트,2011.02.24,2890,9133
518,가끔 이러다,펀치 (Punch),가끔 이러다,R&B/소울 / 가요,카카오엔터테인먼트,냠냠엔터테인먼트,2019.09.18,1481113,21988352
519,HOT PINK,EXID,HOT PINK,댄스 / 가요,Sony Music,바나나컬쳐,2015.11.18,922892,13942083
520,일기장,이승철,일기장,발라드 / 가요,카카오엔터테인먼트,"브레이브 엔터테인먼트, 진앤원뮤직웍스",2016.04.07,155729,961306
521,WE LIKE 2 PARTY,BIGBANG,A,랩/힙합 / 가요,YG PLUS,(주)YG엔터테인먼트,2015.06.01,1110941,16124597
522,Let Me Dance,렉시 (Lexy),Lexury,전체 / 가요,YG PLUS,,2003.10.07,246278,1552431
523,회룡포,Various Artists,트롯 전국체전 PART.2,트로트 / 가요,카카오엔터테인먼트,포켓돌 스튜디오,2020.12.13,9498,122960
524,독기,리쌍 (Leessang),AsuRa BalBalTa,랩/힙합 / 가요,Dreamus,㈜정글 엔터테인먼트,2011.08.25,299027,3118182
525,"Indian Boy (Feat. 장근이, B.I)",MC몽,Humanimal,랩/힙합 / 가요,"지니뮤직, Stone Music Entertainment",M.A. Wild Dog,2009.07.23,308545,2386898
526,그대와 둘이,브라운 아이드 소울 (Brown Eyed Soul),"The Wind,The Sea,The Rain",R&B/소울 / 가요,"지니뮤직, Stone Music Entertainment",갑엔터테인먼트,2007.10.30,112107,900352
527,봄비 (With 알리),김장훈,봄비,발라드 / 가요,카카오엔터테인먼트,공연세상,2012.03.22,32436,295657
528,여기요,Various Artists,미스트롯 FINAL STAGE,트로트 / 가요,카카오엔터테인먼트,㈜티조컬처앤컨텐츠,2019.05.02,114133,1044051
529,다시 너를,매드 클라운 (Mad Clown) & 김나영,태양의 후예 OST Part.5 (KBS2 수목드라마),드라마 / OST,뮤직앤뉴,"모스트콘텐츠, (주)뮤직앤뉴",2016.03.17,1158713,18814111
530,말해줘요,걸스데이 (Girl's Day),GIRL'S DAY PARTY #6,댄스 / 가요,㈜인터파크,㈜인터파크,2013.07.30,284292,2015614
531,우리 어머니,Various Artists,트롯 전국체전 PART.6,트로트 / 가요,카카오엔터테인먼트,포켓돌 스튜디오,2021.01.10,7350,90112
532,SEDANSOGU (세상에 단 하나뿐인 소중한 그대),수호 (SUHO),하와유브레드 OST (웹드라마),드라마 / OST,Dreamus,나이스드림미디어,2020.02.01,72282,2812423
533,누구보다 널 사랑해,비쥬 (Bijou),Love Is...,전체 / 가요,카카오엔터테인먼트,STC,1999.05.20,225051,1578676
534,DREAMLIKE,IZ*ONE (아이즈원),BLOOM*IZ,댄스 / 가요,"지니뮤직, Stone Music Entertainment","Stone Music Entertainment, OFF THE RECORD Entertainment",2020.02.17,91375,1214646
535,쇼크 (Remix),구피 (Goofy),Best Goofy,전체 / 가요,RIAK,,2001.11.01,11592,93660
536,빗물이 내려서,김태우,T-School,발라드 / 가요,3.14,소울샵엔터테인먼트,2011.03.29,71033,188137
537,지못미,iKON,WELCOME BACK,랩/힙합 / 가요,YG PLUS,(주)YG엔터테인먼트,2015.11.16,569338,7322060
538,위로,김범수 & 이승윤,유명가수전 Part.2,발라드 / 가요,카카오엔터테인먼트,JTBC스튜디오,2021.04.24,35512,210029
539,핑크빛 로맨스 (Pink Romance),케이윌 & 씨스타 & 보이프렌드,스타쉽 플래닛(STARSHIP PLANET),댄스 / 가요,카카오엔터테인먼트,스타쉽 엔터테인먼트,2011.11.25,94285,557708
540,떠날거야,쎄쎄쎄,떠날꺼야,전체 / 가요,RIAK,,1996.12.01,44108,466380
541,삼각형,러블리즈,Lovelyz 3rd Mini Album 'Fall In Lovelyz',댄스 / 가요,카카오엔터테인먼트,울림엔터테인먼트,2017.11.14,93201,1918368
542,겨울나기,이루 (Eru),Eru Returns,전체 / 가요,리얼네트웍스아시아퍼시픽(주),이루엔터테인먼트,2007.09.21,14103,46657
543,Lead Me,씨스타 (Sistar),ALONE,댄스 / 가요,카카오엔터테인먼트,스타쉽 엔터테인먼트,2012.04.12,88669,766794
544,전할 수 없는 이야기 (부제:시티 오브 엔젤),휘성 (Realslow),Like A Movie,R&B/소울 / 가요,YG PLUS,,2002.04.01,450507,3159130
545,바람인가요 (브라운아이드소울),Gayo Best,가요베스트 MR 16,발라드 / 가요,㈜다날엔터테인먼트,사운드섬,2013.12.03,106,263
546,하늘색 약속,지오디 (god),Chapter 8,전체 / 가요,카카오엔터테인먼트,"sidus HQ, god",2014.07.08,797270,9314144
547,"호러쇼 (Feat. 강호동, Whale)",MC몽,Humanimal Repackage,랩/힙합 / 가요,"지니뮤직, Stone Music Entertainment",M.A. Wild Dog,2009.10.06,60364,387931
548,PIPPI,투아이즈 (2EYES),3rd Single Album,댄스 / 가요,"지니뮤직, Stone Music Entertainment",㈜아이에이치큐 (iHQ),2015.08.26,52589,512209
549,하늘위로 (Feat. 김지은),렉시 (Lexy),RUSH,전체 / 가요,YG PLUS,(주)YG엔터테인먼트,2007.04.16,52621,265223
550,Dream Girls,아이오아이 (I.O.I),아이오아이 (I.O.I) 1st Mini Album 'Chrysalis',댄스 / 가요,지니뮤직,Stone Music Entertainment,2016.05.04,744507,8471703
551,알고있나요,Various Artists,꽃보다 남자 OST,드라마 / OST,미러볼뮤직,다해이엔티,2009.01.08,376644,4419927
552,FIVE,Apink (에이핑크),Pink UP,댄스 / 가요,카카오엔터테인먼트,플랜에이 엔터테인먼트,2017.06.26,1309302,22128118
553,DAY BY DAY,티아라 (T-ara),DAY BY DAY,댄스 / 가요,㈜인터파크,㈜인터파크,2012.07.03,725134,7135527
554,잘 있나요,The One (더원),구가의 서 OST Part.6 (MBC 월화드라마),드라마 / OST,㈜다날엔터테인먼트,다해이엔티,2013.05.20,505805,4755681
555,보통 같으면,한동근,보통 같으면,발라드 / 가요,카카오엔터테인먼트,OXO 프로젝트,2020.04.20,262269,3161084
556,아파 (Slow),2NE1,To Anyone,댄스 / 가요,YG PLUS,(주)YG엔터테인먼트,2010.09.09,802142,6925662
557,하고싶은 말,김태우,김태우 Solo Special Album,발라드 / 가요,카카오엔터테인먼트,소울샵엔터테인먼트,2006.10.26,482233,4307838
558,내 생애 가장 행복한 시간 Part.2 (Feat. 양다일),MC몽,CHANNEL 8,랩/힙합 / 가요,Dreamus,(주)밀리언마켓,2019.10.25,1293696,18331205
559,남자는 배 여자는 항구,Various Artists,트롯 전국체전 PART.2,트로트 / 가요,카카오엔터테인먼트,포켓돌 스튜디오,2020.12.13,10471,99391
560,그댈 새겨두어요 (바른연애 길잡이 X 린),린 (LYn),그댈 새겨두어요 (바른연애 길잡이 X 린),발라드 / 가요,카카오엔터테인먼트,"TOON STUDIO, 느을",2021.03.03,164145,1161949
561,나도 모르는 노래 (Hallelujah),김필,사이코지만 괜찮아 OST Part.5 (tvN 토일드라마),드라마 / OST,NHN벅스,모스트콘텐츠,2020.07.19,232261,1680825
562,Beautiful Target,B1A4,It B1A4,댄스 / 가요,Sony Music,WM엔터테인먼트,2011.09.16,148141,1110406
563,그리운 건 어쩔 수 없어,Various Artists,오버 더 레인보우 OST (MBC 미니시리즈),전체 / OST,오감엔터테인먼트,도레미미디어,2006.07.31,9829,58931
564,About Love,Red Velvet (레드벨벳),Perfect Velvet - The 2nd Album,댄스 / 가요,Dreamus,SM ENTERTAINMENT,2017.11.17,120503,1392191
565,너 없인 안 된다 (비투비) (MR),모두의MR,모두의 MR반주 101,전체 / 가요,포스티브,포스티브,2018.08.01,743,3283
566,Wing,박지훈,The W,댄스 / 가요,NHN벅스,마루기획㈜,2020.05.26,70010,4217425
567,오늘따라 예쁘다,윤딴딴 & 은하 (EUNHA),더 패키지 OST - Part.5 (JTBC 금토드라마),드라마 / OST,NHN벅스,모스트콘텐츠,2017.11.03,187943,1736094
568,TTL Listen 2,티아라 & 초신성,TTL Listen 2 (Digital Single),댄스 / 가요,㈜다날엔터테인먼트,코어컨텐츠미디어,2009.10.09,284230,2050221
569,짠쿵쾅,MOMOLAND (모모랜드),Welcome To MOMOLAND,댄스 / 가요,카카오엔터테인먼트,"(주)엠엘디엔터테인먼트, 카카오엔터테인먼트",2016.11.10,95051,874036
570,편한 사람이 생겼어 (Duet. 브랜뉴데이 채린),일 락,3집 Part.1,전체 / 가요,지니뮤직,CANENT,2009.05.07,228806,2530762
571,좋은 길,김형중,Holiday,발라드 / 가요,NHN벅스,드라뮤지끄,2009.12.11,5618,47098
572,Really Like You,IZ*ONE (아이즈원),HEART*IZ,댄스 / 가요,"지니뮤직, Stone Music Entertainment","Stone Music Entertainment, OFF THE RECORD Entertainment",2019.04.01,92491,1699819
573,듣고싶어 (E905),다이아 (DIA),LOVE GENERATION,댄스 / 가요,㈜인터파크,MBK엔터테인먼트,2017.08.22,174537,1949754
574,갖고놀래 (Feat. 다이나믹 듀오),범키,갖고놀래,R&B/소울 / 가요,카카오엔터테인먼트,브랜뉴뮤직 (Brand New Music),2013.08.16,911186,12621287
575,흩어져,먼데이 키즈 (Monday Kiz),New Sentimental (Digital Single),R&B/소울 / 가요,뮤직앤뉴,CANENT,2010.04.20,542917,6159968
576,Fighter,몬스타엑스,THE CLAN Pt.2 'GUILTY',랩/힙합 / 가요,카카오엔터테인먼트,스타쉽 엔터테인먼트,2016.10.04,49661,962440
577,내 이름은,티아라 (T-ara),What's My Name?,댄스 / 가요,㈜인터파크,MBK엔터테인먼트,2017.06.14,153386,1607584
578,Something,죠지 & 강혜인,내 아이디는 강남미인 OST Part.4 (JTBC 금토드라마),드라마 / OST,워너뮤직,withHC,2018.08.17,68468,779806
579,사랑이 온다,백지영 & 치타 (CHEETAH),Girl Crush,댄스 / 가요,카카오엔터테인먼트,더블킥엔터테인먼트,2016.02.29,352252,2419178
580,붙잡았어야 해,ASTRO (아스트로),Winter Dream,발라드 / 가요,카카오엔터테인먼트,판타지오뮤직,2017.02.22,54920,961398
581,솔직히 말할까 (Narr. 다솜 of 씨스타) (Honestly),몬스타엑스,TRESPASS,랩/힙합 / 가요,카카오엔터테인먼트,스타쉽 엔터테인먼트,2015.05.14,82095,1228564
582,봄 (Feat. 산다라박),박봄 (Park Bom),Spring,R&B/소울 / 가요,㈜다날엔터테인먼트,디네이션,2019.03.13,1608867,27867006
583,여성시대 (씨야 & 다비치 & 티아라),더 발라드(The Ballad),발라드 베스트 가요여행 3,발라드 / 가요,2%엔터테인먼트,주식회사 폴라리스,2015.08.26,1352,5639
584,별이 빛나는 밤에,원투 (One Two),별이 빛나는 밤에 (Digital Single),댄스 / 가요,지니뮤직,Stone Music Entertainment,2009.07.02,321996,2062736
585,열기구,SURL (설),I Know,인디 / 가요,지니뮤직,해피로봇레코드,2019.10.18,49624,502460
586,왜 이제야 왔니,정엽,너의 목소리가 들려 OST Part.2 (SBS 수목드라마),드라마 / OST,주식회사 블렌딩,㈜SBS콘텐츠허브 (㈜에스비에스콘텐츠허브),2013.06.17,596285,4439251
587,질투가 좋아,멜로망스 (MeloMance),Sunshine,인디 / 가요,해피로봇 레코드,"민트페이퍼, 광합성",2016.12.06,255213,2230505
588,눈물길,휘성 (Realslow),해를 품은 달 OST Part.3 눈물길 (MBC 수목드라마),드라마 / OST,RIAK,(주)팬엔터테인먼트,2012.01.26,133289,1205843
589,내 눈물이 하는 말,견우 (Kyunwoo),City Of Angel,발라드 / 가요,워너뮤직,Warner Music Korea,2005.08.23,264602,2155684
590,눈,SURL (설),Aren't You?,락 / 가요,지니뮤직,SURL,2018.12.06,96549,1040414
591,매일,JBJ,True Colors,댄스 / 가요,카카오엔터테인먼트,"Stone Music Entertainment, 카카오엔터테인먼트, 페이브엔터테인먼트",2018.01.17,46466,1820444
592,파라다이스 (Feat. 박우진 of AB6IX),김재환,MOMENT,전체 / 가요,"지니뮤직, Stone Music Entertainment",스윙엔터테인먼트,2019.12.12,57437,3270442
593,아름다운 밤이야,비스트 (Beast),Midnight Sun,댄스 / 가요,카카오엔터테인먼트,큐브 엔터테인먼트,2012.07.22,662672,5142579
594,19금 Beverly 1lls,Various Artists,쇼미더머니 5 Episode 3,랩/힙합 / 가요,지니뮤직,Stone Music Entertainment,2016.07.02,287974,3482552
595,톡톡 (Tok Tok) (Feat. SOYA),마이티 마우스 (Mighty Mouth),Mighty Fresh,랩/힙합 / 가요,카카오엔터테인먼트,원오원엔터테인먼트,2011.01.18,731965,6643889
596,You & I,먼데이 키즈 (Monday Kiz),You & I,발라드 / 가요,뮤직앤뉴,CANENT,2013.01.17,114306,1832605
597,농담 반 진담 반,슈가볼 (Sugarbowl),NUANCE,인디 / 가요,미러볼뮤직,러브웰레코드,2014.05.07,383566,4647970
598,Rainbow Falling,차은우 (ASTRO),내 아이디는 강남미인 OST Part.7 (JTBC 금토드라마),드라마 / OST,워너뮤직,withHC,2018.08.31,75262,772310
599,화양연화,이태종,화양연화,트로트 / 가요,(주)비씨에스뮤직,강소연,2010.02.25,954,9453
600,듣고 싶던 말,허각,듣고 싶던 말,발라드 / 가요,카카오엔터테인먼트,㈜플레이엠엔터테인먼트,2020.08.27,1003336,11278743
601,존버 (Feat. Coogie & Jiselle),MC몽,CHANNEL 8,랩/힙합 / 가요,Dreamus,(주)밀리언마켓,2019.10.25,349868,3225655
602,거미가 줄을 타고 올라갑니다,뽀로로,뽀로로 인기동요 1,동요 / 동요/태교,카카오엔터테인먼트,(주)아이코닉스,2017.05.10,160189,2020762
603,누나 (NUNA),김재환,MOMENT,전체 / 가요,"지니뮤직, Stone Music Entertainment",스윙엔터테인먼트,2019.12.12,124602,3528815
604,I Believe,주원 & 임도혁,"엽기적인 그녀 OST Part.5, 6 (SBS 월화드라마)",드라마 / OST,(주)삼쩜일사,㈜래몽래인,2017.07.18,14961,82637
605,전쟁이야,엠블랙 (MBLAQ),MBLAQ 4th Mini Album '100％Ver.',댄스 / 가요,오감엔터테인먼트,더라임라이트뮤직컨설팅,2012.01.10,127716,808983
606,맘마미아,카라 (KARA),KARA 6th Mini Album 'Day&Night',댄스 / 가요,카카오엔터테인먼트,DSP 미디어,2014.08.18,500828,4956264
607,사랑은 이제 그만,버블 시스터즈 (Bubble Sisters),Be Strong(Girls Be Ambitious),전체 / 가요,오감엔터테인먼트,프렌 엔터테인먼트,2007.09.06,1783,12402
608,박수쳐,2NE1,To Anyone,댄스 / 가요,YG PLUS,(주)YG엔터테인먼트,2010.09.09,510390,2786553
609,오빠 힘내요,김종민,오빠 힘내요,댄스 / 가요,지니뮤직,김종민,2011.04.26,22452,250671
610,빙글빙글,유키스 (U-KISS),U-Kiss Only One Album,댄스 / 가요,케미컬레코드,nhemg (㈜앤에이취이엠쥐),2010.02.03,87992,498897
611,운명처럼,벤,엽기적인 그녀 OST Part.4 (SBS 월화드라마),드라마 / OST,(주)삼쩜일사,㈜래몽래인,2017.06.26,72850,510803
612,이것도 사랑이니,이동은 (라이어밴드),이것도 사랑이니,락 / 가요,오감엔터테인먼트,소나무뮤직,2019.10.04,309977,6318372
613,4시 44분 (Feat. 휘인 of 마마무),박봄 (Park Bom),re:BLUE ROSE,R&B/소울 / 가요,3.14,디네이션,2019.05.02,295526,3121203
614,너를,이우,너를,발라드 / 가요,㈜다날엔터테인먼트,다날엔터테인먼트,2020.03.10,177609,2640186
615,Go Higher,GOT7 (갓세븐),FLIGHT LOG : ARRIVAL,댄스 / 가요,Dreamus,(주)JYP엔터테인먼트,2017.03.13,28820,440438
616,나도 여자예요,민아 (걸스데이),I am a Woman too,R&B/소울 / 가요,㈜인터파크,㈜인터파크,2015.03.16,378366,5279871
617,바람필래,조성모,성모 Meet Brave (EP),일렉트로니카 / 가요,(주)콘텐츠라이크,에스플러스엔터테인먼트,2010.08.11,10140,64443
618,Pepe,CLC,첫사랑,댄스 / 가요,카카오엔터테인먼트,큐브 엔터테인먼트,2015.03.19,91890,850256
619,분홍 립스틱,광복절 밴드,광복절 밴드,인디 / 가요,가람미디어,,2002.11.01,93151,606124
620,Upgrader,김예림 (Lim Kim),Simple Mind,댄스 / 가요,(주)삼쩜일사,"㈜미스틱89, 미스틱엔터테인먼트",2015.04.27,41490,222616
621,내가 야! 하면 넌 예! (Duet With LYN),김태우,T-Virus,R&B/소울 / 가요,,폴라리스 엔터테인먼트,2009.09.03,202134,1754463
622,넘어와 (Feat. 백예린),DEAN,limbo,R&B/소울 / 가요,Universal Music,"유니버설뮤직, 줌바스 (Universal Music Ltd., Joombas Co Ltd.)",2017.02.17,1381187,26450572
623,어른병 (I Lost Me),황치열,The Four Seasons,전체 / 가요,NHN벅스,하우엔터테인먼트,2019.01.21,29555,649549
624,Dry Flower,SURL (설),I Know,인디 / 가요,지니뮤직,해피로봇레코드,2019.10.18,37223,417677
625,노는 게 제일 좋아 (OH YA YA YA),루나솔라 (LUNARSOLAR),SOLAR : flare,댄스 / 가요,NHN벅스,제이플래닛 엔터테인먼트,2020.09.02,21661,140883
626,꽃이야,JBJ,True Colors,댄스 / 가요,카카오엔터테인먼트,"Stone Music Entertainment, 카카오엔터테인먼트, 페이브엔터테인먼트",2018.01.17,324868,7456615
627,밤이 두려워진 건,정동하,밤이 두려워진 건,발라드 / 가요,뮤직앤뉴,뮤직원 컴퍼니,2019.05.30,33981,347728
628,여자 대통령,걸스데이 (Girl's Day),정규 1집 리패키지 앨범 '여자 대통령',댄스 / 가요,㈜인터파크,㈜인터파크,2013.06.24,446687,3480255
629,하늘색 약속,지오디 (god),Chapter 8,전체 / 가요,카카오엔터테인먼트,"sidus HQ, god",2014.07.08,797271,9314155
630,아무도 모르게 (Prod. By MC몽),치타 & 에일리 (Ailee),언프리티 랩스타 Track 6,랩/힙합 / 가요,지니뮤직,Stone Music Entertainment,2015.03.27,663568,8979053
631,서울,쏜애플 (THORNAPPLE),서울병,인디 / 가요,해피로봇 레코드,해피로봇레코드,2016.05.19,76990,837255
632,살찐 사랑,제시,살찐 사랑,발라드 / 가요,NHN벅스,YMC엔터테인먼트㈜,2016.03.15,86578,867108
633,비 내리는 포경선,드렁큰 타이거,뿌리,랩/힙합 / 가요,오감엔터테인먼트,조영욱,2003.02.01,4408,25594
634,쉼표,홍대광,단내투어 OST,전체 / OST,"지니뮤직, Stone Music Entertainment",CJ ENM DIATV,2018.02.26,63314,571146
635,나 오늘 술 마셨어,전철민,나 오늘 술 마셨어,발라드 / 가요,카카오엔터테인먼트,㈜ 스튜디오 오드리,2019.10.23,69289,1328054
636,Lucky,EXO,The 1st Album 'XOXO (Kiss&Hug)' Repackage,댄스 / 가요,Dreamus,SM ENTERTAINMENT,2013.08.05,289156,3822808
637,Good Morning Baby,Apink (에이핑크),Good Morning Baby,댄스 / 가요,카카오엔터테인먼트,에이큐브 엔터테인먼트,2014.01.13,642055,5974328
638,원더우먼 (씨야 & 다비치 & 티아라),Various Artists,Love 최신가요 2,전체 / 가요,RIAK,,2010.05.25,2334,8311
639,BABY DON'T CRY,BIGBANG,빅뱅 스페셜에디션,댄스 / 가요,YG PLUS,(주)YG엔터테인먼트,2011.04.08,26980,247812
640,너 때문에 (Feat. 성훈 Of 브라운아이드소울),유브이 (UV),너 때문에,댄스 / 가요,카카오엔터테인먼트,㈜코엔스타즈,2013.05.06,44062,385623
641,궁금해,MOMOLAND (모모랜드),GREAT!,댄스 / 가요,카카오엔터테인먼트,"(주)엠엘디엔터테인먼트, 카카오엔터테인먼트",2018.01.03,33719,149139
642,미쳤나봐 (with 권정열 of 10cm),소란 (SORAN),natural,락 / 가요,해피로봇 레코드,해피로봇레코드,2012.04.04,172199,1503695
643,나 이런 여자예요 (With 예지 & 체스카 of 피에스타),지아 (Zia),지아 정규3집 리패키지 '나 이런 여자예요',발라드 / 가요,카카오엔터테인먼트,콜라보따리,2014.01.29,158286,1140805
644,넘사벽 (Incomparable),몬스타엑스,THE CLAN Pt.2.5 'BEAUTIFUL',랩/힙합 / 가요,카카오엔터테인먼트,스타쉽 엔터테인먼트,2017.03.21,14499,203429
645,사랑한다 말할까,소유 (SOYOU),사랑한다 말할까 (장난스런 키스 OST Part.3),드라마 / OST,"지니뮤직, Stone Music Entertainment",스펀지엔터테인먼트,2010.09.17,119408,781244
646,키스해줄래,지나,키스해줄래 (장난스런키스 OST Part.1) (MBC 수목드라마),드라마 / OST,"지니뮤직, Stone Music Entertainment",스펀지엔터테인먼트,2010.09.01,58178,571645
647,Wake Up,일레인,사이코지만 괜찮아 OST Special Track Vol.1 (tvN 토일드라마),드라마 / OST,NHN벅스,모스트콘텐츠,2020.07.11,62215,638654
648,왜 이리,길구봉구,왜 이리,발라드 / 가요,지니뮤직,(주)뮤직웍스,2016.12.12,237164,3357184
649,마지막 그 한마디,이승기,마지막 그 한마디,발라드 / 가요,(주)후크엔터테인먼트,(주)후크엔터테인먼트,2013.05.27,93484,768861
650,신 사랑고개,Various Artists,트롯 전국체전 PART.6,트로트 / 가요,카카오엔터테인먼트,포켓돌 스튜디오,2021.01.10,19573,178378
651,OPEN YOUR EYES,IZ*ONE (아이즈원),BLOOM*IZ,댄스 / 가요,"지니뮤직, Stone Music Entertainment","Stone Music Entertainment, OFF THE RECORD Entertainment",2020.02.17,62488,991922
652,OK,크레용팝-딸기우유 (Crayon Pop-Strawberry Milk),The 1st. Mini Album,댄스 / 가요,Dreamus,크롬엔터테인먼트,2014.10.15,111777,616371
653,두둠칫 (Doo Doom Chit),크레용팝 (CRAYON POP),Evolution Pop_Vol.1,댄스 / 가요,주식회사 루미넌트엔터테인먼트,크롬엔터테인먼트,2016.09.26,102255,1184535
654,내가 그리웠니 (Feat. 진실 of Mad Soul Child),MC몽,MISS ME OR DISS ME,랩/힙합 / 가요,카카오엔터테인먼트,(주)RBW,2014.11.03,819840,13386821
655,너를 보내며,젝스키스,Special,댄스 / 가요,카카오엔터테인먼트,DSP 미디어,1998.10.03,172651,1218747
656,So Good,카라 (KARA),KARA 6th Mini Album 'Day&Night',댄스 / 가요,카카오엔터테인먼트,DSP 미디어,2014.08.18,19046,137577
657,미치겠어 (Feat. M.A.C),MC몽,Show's Just Begun,랩/힙합 / 가요,NHN벅스,SCM엔터테인먼트,2008.04.17,282473,2705295
658,블루메이즈 (Bluemaze),하성운,BXXX,R&B/소울 / 가요,카카오엔터테인먼트,스타크루 이엔티,2019.07.08,149874,7919492
659,오늘밤은 어둠이 무서워요,Various Artists,Life,전체 / 가요,해피로봇 레코드,해피로봇레코드,2010.05.04,345628,3513906
660,죽도록 사랑해 2 (Feat. 조성모),MC몽,Humanimal,랩/힙합 / 가요,"지니뮤직, Stone Music Entertainment",M.A. Wild Dog,2009.07.23,77910,625457
661,망설이다,GOT7 (갓세븐),Eyes On You,전체 / 가요,Dreamus,(주)JYP엔터테인먼트,2018.03.12,65086,923036
662,만약에 우리 둘 중 하나라도 (If We Were) (한반도 OST) (화요비) (MR),Musicsum (뮤직섬),MR반주 뮤직섬 2012 최신가요 13,전체 / 가요,블루미디어 (BLUE MEDIA),(주)블루아이씨티,2012.06.18,46,184
663,호랑나비 (Feat. Gill & 리듬파워 & 김흥국),Various Artists,쇼미더머니 5 Episode 3,랩/힙합 / 가요,지니뮤직,Stone Music Entertainment,2016.07.02,976522,15507956
664,팔베개 (Feat. 기현) (Pillow),소유 (SOYOU) & 기리보이,NO.MERCY (노머시) Part.2,랩/힙합 / 가요,카카오엔터테인먼트,스타쉽 엔터테인먼트,2015.01.15,896533,12480824
665,궁금's,하성운,Twilight Zone,댄스 / 가요,카카오엔터테인먼트,스타크루 이엔티,2020.06.08,29823,3374249
666,그렇게 사랑하고 그렇게 웃었습니다,버블 시스터즈 (Bubble Sisters),Dramatic Episode,전체 / 가요,오감엔터테인먼트,신세계음향공업㈜,2007.02.08,268831,2079754
667,"너, 한눈 팔지마!",걸스데이 (Girl's Day),Girl's Day Party #4,댄스 / 가요,㈜인터파크,㈜인터파크,2011.09.02,61710,370183
668,괜찮을까,박보람,괜찮을까,발라드 / 가요,지니뮤직,"Stone Music Entertainment, FRON+DESK",2018.07.04,201271,2415113
669,처럼 (Feat. 이하이),무한도전,무한도전 위대한 유산,랩/힙합 / 가요,카카오엔터테인먼트,MBC (문화방송),2016.12.31,557418,5188969
670,죽을 것만 같아,환희,HWANHEE,R&B/소울 / 가요,카카오엔터테인먼트,에이치엔터컴,2011.07.29,46769,469090
671,마음 단단히 먹어 (Feat. 에일리),MC몽,MISS ME OR DISS ME,랩/힙합 / 가요,카카오엔터테인먼트,(주)RBW,2014.11.03,520656,6157285
672,눈물이 툭 (Feat. 박경 Of 블락비),지아 (Zia),눈물이 툭,발라드 / 가요,카카오엔터테인먼트,카카오엔터테인먼트,2012.11.16,245338,1421224
673,게임의 법칙,구피 (Goofy),GOOFY III,댄스 / 가요,RIAK,,1999.05.03,41686,321375
674,별,태무,별,전체 / 가요,RIAK,,2002.01.01,16343,301144
675,"끌림 (바니와 오빠들 X 에릭남 (Eric Nam), 이나은 (에이프릴))",에릭남 (Eric Nam) & 이나은 (에이프릴),"끌림 (바니와 오빠들 X 에릭남 (Eric Nam), 이나은 (에이프릴))",인디 / 가요,카카오엔터테인먼트,"TOON STUDIO, 느을",2020.11.08,120585,1332806
676,나쁜놈 (Feat. 소야),마이티 마우스 (Mighty Mouth),나쁜놈,랩/힙합 / 가요,미러볼뮤직,다해이엔티,2012.05.10,327221,3139382
677,"울고, 불고...",지아 & 포맨 (4MEN),"울고, 불고...",발라드 / 가요,카카오엔터테인먼트,제이엔컴퍼니,2010.10.19,376609,3674087
678,잘 지내 (Feat. 정인),자이언트핑크,너를 사랑하진 않아,랩/힙합 / 가요,(주)삼쩜일사,미스틱엔터테인먼트,2018.03.19,35622,396470
679,연애 같은 걸 하니까,소란 (SORAN),Polar,인디 / 가요,해피로봇 레코드,해피로봇레코드,2017.11.22,218000,3699540
680,사랑님,Various Artists,트롯 전국체전 PART.10,트로트 / 가요,카카오엔터테인먼트,포켓돌 스튜디오,2021.02.14,8073,90021
681,가까이 와봐,이승철,방황,전체 / 가요,"지니뮤직, Stone Music Entertainment",미래로21,1992.11.01,2192,7047
682,사랑해서…(이영현 솔로),빅마마 (Big Mama),Blossom,R&B/소울 / 가요,(주)비씨에스뮤직,(주)에셀인터내셔널,2007.10.02,67172,522275
683,눈 내리는 마을,애프터스쿨 & 브라운아이드걸스 & K.will & 간미연 & 테이 & 숙희 & 안영민,눈 내리는 마을,댄스 / 가요,RIAK,오픈월드엔터테인먼트,2009.12.22,130867,525906
684,너의 가슴으로 가는 길,Various Artists,스마일 어게인 OST (SBS 수목드라마),드라마 / OST,YG PLUS,(주)YG엔터테인먼트,2006.05.17,18133,213606
685,"별, 그대 (The Only Star)",황치열,Be Myself,발라드 / 가요,NHN벅스,하우엔터테인먼트,2018.04.24,430113,7258300
686,넌 너무 야해 (Feat. 긱스) (The Way You Make Me Melt),씨스타 (Sistar),Give It To Me,댄스 / 가요,카카오엔터테인먼트,스타쉽 엔터테인먼트,2013.06.11,463615,4041785
687,Kiss Me,샵 (S#arp),Flat Album,댄스 / 가요,RIAK,,2001.11.01,142374,810038
688,"하늘, 바다, 나무, 별의 이야기",조관우,My First Story,발라드 / 가요,주식회사 이앤스토리뮤직,실미디어,1994.10.01,10540,56333
689,1년 정거장,G-DRAGON,Heartbreaker,랩/힙합 / 가요,YG PLUS,(주)YG엔터테인먼트,2009.08.18,224582,2180927
690,시간이 필요해,김재환,MOMENT,전체 / 가요,"지니뮤직, Stone Music Entertainment",스윙엔터테인먼트,2019.12.12,186016,10517848
691,모퉁이를 비추는 햇빛,오늘모해,모퉁이를 비추는 햇빛,국내CCM / CCM,CCMHUB,오늘모해,2020.06.10,281,812
692,Everyday I Love You (Feat. 하슬) (ViVi),이달의 소녀,ViVi,댄스 / 가요,㈜다날엔터테인먼트,블록베리크리에이티브,2017.04.17,31148,228649
693,키다리 아저씨,백아연,청담동 앨리스 OST PART.3 (SBS 주말드라마),드라마 / OST,오감엔터테인먼트,935엔터테인먼트,2012.12.15,112338,697142
694,천하무적 (Feat. 박장근),MC몽,His Story,랩/힙합 / 가요,지니뮤직,Stone Music Entertainment,2005.05.13,284589,2009445
695,별의 별,Apink (에이핑크),Dear,댄스 / 가요,카카오엔터테인먼트,플랜에이 엔터테인먼트,2016.12.15,281370,2762307
696,훔쳐 (Feat. Double K),도끼 (Dok2),Thunderground (EP),랩/힙합 / 가요,"지니뮤직, Stone Music Entertainment",(주)맵더소울,2009.11.25,205557,3139501
697,널 너무 사랑해서 (Feat. 정은지 of 에이핑크),MC몽,U.F.O,랩/힙합 / 가요,카카오엔터테인먼트,(주)RBW,2016.11.02,667173,10514632
698,불공평해 (Unfair),EXO,"SING FOR YOU - 겨울 스페셜 앨범, 2015",발라드 / 가요,Dreamus,SM ENTERTAINMENT,2015.12.10,628756,12728407
699,이별의 그늘,윤상,이별의 그늘,전체 / 가요,지니뮤직,Stone Music Entertainment,1991.09.01,242636,1390537
700,가려진 시간 사이로,윤상,PART1 그래도 안녕,전체 / 가요,지니뮤직,Stone Music Entertainment,1992.10.01,215113,1093169
701,예쁘다 (에어플레인) (MR),Musicsum (뮤직섬),뮤직섬 MR반주 2013 최신인기가요 9,전체 / 가요,블루미디어 (BLUE MEDIA),(주)블루아이씨티,2013.03.07,83,272
702,Hot Baby,베스티,Hot Baby,댄스 / 가요,카카오엔터테인먼트,YNB Entertainment (와이앤비엔터테인먼트),2014.07.28,140332,953117
703,이상하다 참 (Feat. 칸토 of 트로이),민아 (걸스데이),I am a Woman too,R&B/소울 / 가요,㈜인터파크,㈜인터파크,2015.03.16,153202,1574391
704,바다를 나는 거북이 (Prod. by 이단옆차기),정세운,EVER,R&B/소울 / 가요,카카오엔터테인먼트,스타쉽 엔터테인먼트,2017.08.31,147256,1597636
705,SO CURIOUS,IZ*ONE (아이즈원),BLOOM*IZ,댄스 / 가요,"지니뮤직, Stone Music Entertainment","Stone Music Entertainment, OFF THE RECORD Entertainment",2020.02.17,140082,2219083
706,눈물에 얼굴을 묻는다,장나라,First Story,발라드 / 가요,(주)비씨에스뮤직,(주)내츄럴나인,2001.06.01,212113,1039162
707,이해해,박다혜,이해해,발라드 / 가요,카카오엔터테인먼트,㈜ 스튜디오 오드리,2019.10.13,121251,2141672
708,그녀에게,유엔 (UN),그녀에게,전체 / 가요,오감엔터테인먼트,컨텐츠 코리아 (콘텐츠 코리아),2005.05.13,336832,2410979
709,HONEY BEE (Prod. by 박근태),루나 (LUNA) & 하니 (EXID) & 솔라 (마마무),HONEY BEE,댄스 / 가요,(주)삼쩜일사,"미스틱엔터테인먼트, (주)SM엔터테인먼트, 바나나컬쳐, (주)RBW",2017.01.19,166035,1224527
710,혼자가 편해졌어 (Feat. 케이윌) (ELSIE (은정)) (MR 원키),Musicen,MR반주 뮤직엔 2015 Vol.24,전체 / 가요,(주)뮤직엔닷컴,,2015.07.03,15,26
711,덜덜덜,EXID,Full Moon,댄스 / 가요,Sony Music,바나나컬쳐,2017.11.07,1275198,19891365
712,그래도 남자니까 (Feat. 이상인),MC몽,180 Degree,랩/힙합 / 가요,지니뮤직,Stone Music Entertainment,2004.04.23,438128,3847798
713,단 하루라도 나로 살아보면,미교,단 하루라도 나로 살아보면,발라드 / 가요,지니뮤직,KC Entertainment,2019.10.19,121970,2091015
714,모두 잠든 후에,김원준,모두 잠든 후에,전체 / 가요,이엔이미디어,제일기획,1992.01.01,221451,1304118
715,권태중독 (Feat. 선우정아),MC몽,SONG FOR YOU,랩/힙합 / 가요,카카오엔터테인먼트,(주)RBW,2015.03.02,282216,3082332
716,TIAMO,티아라 (T-ara),REMEMBER,댄스 / 가요,㈜인터파크,MBK엔터테인먼트,2016.11.09,195598,2000168
717,아지랑이,쏜애플 (THORNAPPLE),이상기후,인디 / 가요,해피로봇 레코드,해피로봇레코드,2014.06.12,103379,1482610
718,창피해,박봄 (Park Bom),Spring,R&B/소울 / 가요,㈜다날엔터테인먼트,디네이션,2019.03.13,138969,1446474
719,날 보러와요,Various Artists,트롯 전국체전 FINAL,트로트 / 가요,카카오엔터테인먼트,포켓돌 스튜디오,2021.02.21,13301,128663
720,이별이란 게 뭐라고,임도혁,이별이란 게 뭐라고,발라드 / 가요,카카오엔터테인먼트,㈜ 스튜디오 오드리,2019.12.26,47228,879569
721,진절머리 (Feat. Okasian & Dok2),빈지노 (Beenzino),2 4 : 2 6,랩/힙합 / 가요,"지니뮤직, Stone Music Entertainment",ILLIONAIRE RECORDS (일리네어 레코즈),2012.07.03,258424,2874956
722,반창고,MC몽 & 허각,반창고,랩/힙합 / 가요,카카오엔터테인먼트,(주)RBW,2017.02.16,307095,4860457
723,바람아 (Feat.빈지노),김예림 (Lim Kim),Simple Mind,댄스 / 가요,(주)삼쩜일사,"㈜미스틱89, 미스틱엔터테인먼트",2015.04.27,145371,1258609
724,예쁜 속옷,지나,예쁜 속옷,댄스 / 가요,카카오엔터테인먼트,큐브 엔터테인먼트,2014.05.12,357215,3118078
725,True Colors,JBJ,True Colors,댄스 / 가요,카카오엔터테인먼트,"Stone Music Entertainment, 카카오엔터테인먼트, 페이브엔터테인먼트",2018.01.17,49048,1580319
726,Young 20 (Prod. by 이대휘),박지훈,O'CLOCK,발라드 / 가요,NHN벅스,마루기획㈜,2019.03.26,52927,4696291
727,결혼합니다 (Duet. 태사비애),지천비화 (地天悲話),결혼합니다,발라드 / 가요,주식회사 티에스앤엔터테인먼트,SC엔터테인먼트 (Sc entertainment),2010.08.26,70830,1559870
728,Ice Cream (Feat. Maboos),현아,MELTING,댄스 / 가요,카카오엔터테인먼트,큐브 엔터테인먼트,2012.10.21,418279,2651202
729,2월,쏜애플 (THORNAPPLE),계몽,락 / 가요,카카오엔터테인먼트,해피로봇레코드,2019.07.04,24139,362832
730,공,Various Artists,트롯 전국체전 FINAL,트로트 / 가요,카카오엔터테인먼트,포켓돌 스튜디오,2021.02.21,10153,142243
731,MaMa,바비 킴 (Bobby Kim),Love Chapter.1 (Special Album),R&B/소울 / 가요,지니뮤직,㈜오스카이엔티,2009.01.12,102490,937874
732,ONE,ASTRO (아스트로),All Yours,댄스 / 가요,카카오엔터테인먼트,판타지오뮤직,2021.04.05,131699,4209280
733,오락실,한스밴드,1집 - 한스밴드 (Hans Band),전체 / 가요,뮤직앤뉴,웰메이드예당,1998.09.23,258927,1524862
734,My Tale,박원,사이코지만 괜찮아 OST Part.3 (tvN 토일드라마),드라마 / OST,NHN벅스,모스트콘텐츠,2020.07.05,202641,1684799
735,Beautiful,Wanna One (워너원),1-1=0 (NOTHING WITHOUT YOU),발라드 / 가요,지니뮤직,"YMC엔터테인먼트, Stone Music Entertainment",2017.11.13,1739283,50970900
736,MAD (Feat. 언터쳐블),바다 (BADA),바다를 바라보다...,댄스 / 가요,오감엔터테인먼트,바이민 엔터테인먼트,2009.08.06,333713,1930084
737,밤을 새 (Feat. 베이식),허각,밤을 새,R&B/소울 / 가요,카카오엔터테인먼트,에이큐브 엔터테인먼트,2015.10.14,438196,4865446
738,종이새,김예림 (Lim Kim),Simple Mind,댄스 / 가요,(주)삼쩜일사,"㈜미스틱89, 미스틱엔터테인먼트",2015.04.27,29142,167096
739,바람났어 (Feat. 박봄),무한도전,무한도전 서해안 고속도로 가요제,전체 / 가요,지니뮤직,MBC (문화방송),2011.07.02,693610,4512178
740,SOUL,H&D (한결 & 도현),SOULMATE,댄스 / 가요,카카오엔터테인먼트,포켓돌 스튜디오,2020.04.21,24076,352588
741,180˚ (Feat. 인태 & Supasize),MC몽,180 Degree,랩/힙합 / 가요,지니뮤직,Stone Music Entertainment,2004.04.23,191747,997068
742,New York (Feat. 백지영),MC몽,MISS ME OR DISS ME,랩/힙합 / 가요,카카오엔터테인먼트,(주)RBW,2014.11.03,382183,3603630
743,잠깐만요,어쿠루브,잠깐만요,인디 / 가요,카카오엔터테인먼트,브릿지미디어,2016.12.23,340646,4010986
744,다시 (Feat. 유재석),터보,AGAIN (다시),전체 / 가요,NHN벅스,더 터보 컴퍼니,2015.12.21,463052,4447688
745,홀로 아리랑,Various Artists,트롯 전국체전 PART.7,트로트 / 가요,카카오엔터테인먼트,포켓돌 스튜디오,2021.01.17,4994,38107
746,그대이기에,The One (더원),엽기적인 그녀 OST Part.1 (SBS 월화드라마),드라마 / OST,(주)삼쩜일사,㈜래몽래인,2017.06.05,49291,378394
747,우리 잠깐 쉬어갈래요,Various Artists,노들뮤직 Vol. 1 오직 너를 위한 고백,인디 / 가요,해피로봇 레코드,"민트페이퍼, 광합성",2016.08.30,143027,1183882
748,눈이 멀었다,MC몽,FLOWER 9,랩/힙합 / 가요,카카오엔터테인먼트,(주)밀리언마켓,2021.03.02,305746,2204343
749,바질 (Feat. BrotherSu),매드 클라운 (Mad Clown),Anything Goes,랩/힙합 / 가요,(주)소리바다,소울컴퍼니,2011.11.04,300902,3253051
750,Peek-A-Boo,카라 (KARA),카라(KARA) 7th Mini Album 'In Love',댄스 / 가요,카카오엔터테인먼트,DSP 미디어,2015.05.26,7186,44247
751,영원,조관우,My 3rd Story About...,발라드 / 가요,,,1996.11.22,135813,622289
752,꿈에 (솔지 SOLO),EXID,Full Moon,댄스 / 가요,Sony Music,바나나컬쳐,2017.11.07,46463,416153
753,우리 사랑했잖아 (다비치 & 티아라) (멜로디MR),Musicsum (뮤직섬),MR반주 뮤직섬 2012 최신가요 4,전체 / 가요,블루미디어 (BLUE MEDIA),(주)블루아이씨티,2012.06.18,214,529
754,웃픈 하루,지오디 (god),god Single Album,발라드 / 가요,카카오엔터테인먼트,"㈜아이에이치큐 (iHQ), god",2015.12.09,401254,4090068
755,눈이 내린다,지오디 (god),눈이 내린다,발라드 / 가요,카카오엔터테인먼트,"㈜아이에이치큐 (iHQ), god",2018.11.27,160612,1324296
756,고마워 고마워,라디 (Ra. D),작은 이야기,R&B/소울 / 가요,카카오엔터테인먼트,카카오엔터테인먼트,2013.03.29,158355,1298567
757,나를 잊지마요,걸스데이 (Girl's Day),Girl's Day Party ＃5,댄스 / 가요,㈜인터파크,㈜인터파크,2012.10.26,284999,2171144
758,일주일 (247) (Feat. Zion.T & Crush & DEAN),정기고 (Junggigo),247,R&B/소울 / 가요,카카오엔터테인먼트,(주)스타쉽 엑스,2015.10.27,285512,2245587
759,온도 (Feat. 수란),MC몽,CHANNEL 8,랩/힙합 / 가요,Dreamus,(주)밀리언마켓,2019.10.25,563177,5573815
760,Simple Love (Feat. 나비),Various Artists,BlueBrand Part 1,랩/힙합 / 가요,"지니뮤직, Stone Music Entertainment",드림엔트루,2009.04.15,215873,1917747
761,Stay Together,2NE1,2NE1 1st Mini Album,댄스 / 가요,YG PLUS,(주)YG엔터테인먼트,2009.07.01,169123,1504506
762,나랑 사귈래,다이아 (DIA),YOLO,댄스 / 가요,㈜인터파크,MBK엔터테인먼트,2017.04.19,239528,3495917
763,너를 보네 (Feat. 권정열 of 10cm),소란 (SORAN),너를 보네,인디 / 가요,해피로봇 레코드,해피로봇레코드,2016.09.22,336945,3744583
764,D-Day,정기고 (Junggigo),내 아이디는 강남미인 OST Part.5 (JTBC 금토드라마),드라마 / OST,워너뮤직,withHC,2018.08.24,146870,1703267
765,여자로보여,콜딘 (Coldin),여자로보여,R&B/소울 / 가요,주식회사 루미넌트엔터테인먼트,(주)어베인뮤직 (Urbane Music),2015.02.27,326123,4320535
766,I LUV U,헨리 (HENRY),I LUV U,R&B/소울 / 가요,카카오엔터테인먼트,몬스터엔터테인먼트그룹,2019.08.09,90174,1075193
767,낯선 길,Various Artists,닥터 이방인 OST (SBS 월화드라마),드라마 / OST,주식회사 이앤스토리뮤직,,2014.07.09,40573,327956
768,너를 지워야만 나 사는데,더 크로스 (The Cross),Rush,락 / 가요,3.14,GF Entertainment,2005.05.31,12560,89339
769,농담 반 진담 반,슈가볼 (Sugarbowl),NUANCE,인디 / 가요,미러볼뮤직,러브웰레코드,2014.05.07,383566,4647986
770,행복해 (Feat. 키겐 of 팬텀),애즈원,아이가 다섯 OST Part.2 (KBS2 주말드라마),드라마 / OST,Dreamus,에이스토리,2016.04.02,234564,1445506
771,"미안해요, 고마워요",변진섭,He'story,전체 / 가요,뮤직앤뉴,웰메이드예당,2005.01.11,12041,47767
772,헤어지자,서인영,Forever Young,발라드 / 가요,지니뮤직,(주)서인영컴퍼니,2013.05.15,194659,2142226
773,가(miami mix),유니 (U;NEE),U;nee Code,전체 / 가요,(주)비씨에스뮤직,,2003.06.01,113821,483714
774,이별까지는 생각 못 했어,이우,이별까지는 생각 못 했어,발라드 / 가요,㈜다날엔터테인먼트,다날엔터테인먼트,2020.07.19,122925,1631764
775,I'm In Love,시크릿 (Secret),SECRET SUMMER,댄스 / 가요,(주)래드컴,(주)RBW,2014.08.11,288738,2632507
776,출 (出),리사,인수대비 OST Part.1 (JTBC 주말드라마),드라마 / OST,오감엔터테인먼트,브릿지미디어,2011.12.23,6677,89281
777,잊지마요 (Feat. 박지훈),하성운,잊지마요,발라드 / 가요,㈜인터파크,스타크루 이엔티,2019.01.28,485606,17360539
778,세글자 (Ivy Mix Ver.),Various Artists,Ivy Mega Mix 2006 (아이비 메가 믹스 2006),댄스 / 가요,카카오엔터테인먼트,ESJ엔터테인먼트,2006.08.17,4229,19412
779,Look,GOT7 (갓세븐),Eyes On You,전체 / 가요,Dreamus,(주)JYP엔터테인먼트,2018.03.12,532236,11188096
780,사랑 바보,양수경,양수경 미니앨범,발라드 / 가요,지니뮤직,레몬이엔티(LEMON Ent),2016.07.09,16198,72318
781,오직 그대만,Various Artists,"친구, 우리들의 전설 OST",드라마 / OST,지니뮤직,(주)예술의 봄,2009.07.02,44954,368006
782,자꾸자꾸,일기예보,소원,전체 / 가요,오감엔터테인먼트,,1997.09.05,63565,191302
783,돌아보지마 (Follow Me & You),이진혁,S.O.L,랩/힙합 / 가요,카카오엔터테인먼트,㈜티오피미디어,2019.11.04,13190,2392636
784,왠지 (Somehow),다이아 (DIA),Do It Amazing,발라드 / 가요,㈜인터파크,MBK엔터테인먼트,2015.09.15,245415,4371308
785,립스틱 짙게 바르고,Various Artists,트롯 전국체전 PART.7,트로트 / 가요,카카오엔터테인먼트,포켓돌 스튜디오,2021.01.17,7033,66373
786,자꾸 생각나,소란 (Soran) & Sam Ock & 꽃잠 프로젝트 (GGot Jam Project),자꾸 생각나,인디 / 가요,해피로봇 레코드,해피로봇레코드,2015.03.05,364076,2435627
787,내가 설렐 수 있게,Apink (에이핑크),Pink Revolution,댄스 / 가요,카카오엔터테인먼트,플랜에이 엔터테인먼트,2016.09.26,871994,13760494
788,하지마 (Stop it),B.A.P,하지마,댄스 / 가요,(주)래드컴,(주)RBW,2012.10.23,171853,1956606
789,너를 원해 (Feat. Beenzino),정기고 (Junggigo),Want U,랩/힙합 / 가요,카카오엔터테인먼트,(주)스타쉽 엑스,2014.05.09,933368,11841515
790,삐뚤어졌어,Various Artists,bright #1,인디 / 가요,해피로봇 레코드,해피로봇레코드,2013.10.04,143373,1251942
791,고마웠다고...,팀,Second Breath,발라드 / 가요,카카오엔터테인먼트,ESJ엔터테인먼트,2004.01.01,147811,963309
792,세상은 요지경,신신애,신신애…오락가락,트로트 / 가요,(주)비씨에스뮤직,,2003.06.01,44249,129073
793,Wonderful Day,JBJ,True Colors,댄스 / 가요,카카오엔터테인먼트,"Stone Music Entertainment, 카카오엔터테인먼트, 페이브엔터테인먼트",2018.01.17,41772,1484731
794,블랙홀 (Feat. 에일리),MC몽,U.F.O,랩/힙합 / 가요,카카오엔터테인먼트,(주)RBW,2016.11.02,300667,3359764
795,haaAakkKKK!!!,OurR (아월),haaAakkKKK!!!,인디 / 가요,지니뮤직,해피로봇레코드,2019.08.01,34843,235245
796,GO,Elsa Esmeralda,Sculpting Storms,일렉트로니카 / POP,Ingrooves Music Group,"Flick Records , Flick Agency AB",2021.10.15,0,0
797,봄에 오면 괴롭힐 거예요,앤씨아 & 육성재 (비투비),봄에 오면 괴롭힐 거예요,발라드 / 가요,주식회사 인에이블파인드,제이제이홀릭미디어 (JJHOLIC MEDIA),2016.12.26,84951,576063
798,19금 Profile (Feat. The Quiett & Dok2),빈지노 (Beenzino),2 4 : 2 6,랩/힙합 / 가요,"지니뮤직, Stone Music Entertainment",ILLIONAIRE RECORDS (일리네어 레코즈),2012.07.03,276696,4689865
799,그 남자를 떠나,지오디 (god),THEN & NOW,댄스 / 가요,카카오엔터테인먼트,"㈜아이에이치큐 (iHQ), god",2019.01.10,436927,4590083
800,BIRD,하성운,My Moment,댄스 / 가요,㈜인터파크,스타크루 이엔티,2019.02.28,517048,25790424
801,Don't Stop The Music,2NE1,2NE1 2nd Mini Album,댄스 / 가요,YG PLUS,(주)YG엔터테인먼트,2011.07.28,80470,309843
802,Baby Good Night,GD & TOP,GD & TOP 정규앨범 1집,랩/힙합 / 가요,YG PLUS,(주)YG엔터테인먼트,2010.12.24,205967,1903054
803,메아리,김태우,T-School,발라드 / 가요,3.14,소울샵엔터테인먼트,2011.03.29,92843,862234
804,Sad,손승연,부부의 세계 OST Part.3 (JTBC 금토드라마),드라마 / OST,카카오엔터테인먼트,"JTBC 스튜디오, 모스트콘텐츠",2020.04.11,88295,716313
805,잘할게,SE7EN,Se7olution,전체 / 가요,YG PLUS,,2006.11.01,210595,1355327
806,내가 먼저,도겸 (SEVENTEEN),위대한 유혹자 OST Part. 3 (MBC 월화드라마),드라마 / OST,카카오엔터테인먼트,본 팩토리,2018.04.10,75635,1251320
807,뜨거운 설탕 (Hot Sugar),터보,TURBO SPLASH,댄스 / 가요,NHN벅스,더 터보 컴퍼니,2017.07.25,65042,484664
808,심상치 않아 (Feat. 주영),키썸 (Kisum),심상치 않아,랩/힙합 / 가요,카카오엔터테인먼트,"(주)맵스엔터테인먼트, 카카오엔터테인먼트",2015.07.23,301842,3659644
809,반짝반짝,BIGBANG,REMEMBER,랩/힙합 / 가요,YG PLUS,(주)YG엔터테인먼트,2008.11.05,72962,400228
810,But I Love U (Sampling By Rhu Of Redd Holt Unlimited),BIGBANG,빅뱅 미니앨범 2집 'Hot Issue',댄스 / 가요,YG PLUS,(주)YG엔터테인먼트,2007.11.22,151692,1351084
811,그럴걸,김나영,연애플레이리스트2 OST Part.3,드라마 / OST,3.14,스페이스오디티,2017.07.28,535933,7351203
812,태양의 그림자,엠씨더맥스 (M.C the MAX),한반도 OST Part.1 (TV조선 월화드라마),드라마 / OST,(주)삼쩜일사,㈜래몽래인,2012.02.06,9533,87014
813,누가울어,Various Artists,트롯 전국체전 PART.7,트로트 / 가요,카카오엔터테인먼트,포켓돌 스튜디오,2021.01.17,8923,127231
814,입술자국,F-ve Dolls (파이브돌스),입술자국 (Digital Single),댄스 / 가요,㈜인터파크,㈜인터파크,2011.02.11,17432,138091
815,Goodbye,라디 (Ra. D),Realcollabo,R&B/소울 / 가요,"지니뮤직, Stone Music Entertainment",리얼콜라보,2008.12.12,64341,547353
816,Com' Back,젝스키스,Com' Back,댄스 / 가요,카카오엔터테인먼트,DSP 미디어,1999.09.01,308357,2641754
817,Luv D.N.A (Feat. 나비),MC몽,Humanimal,랩/힙합 / 가요,"지니뮤직, Stone Music Entertainment",M.A. Wild Dog,2009.07.23,141434,1385297
818,FM,크레용팝 (CRAYON POP),2015 2nd Mini Album 'FM',댄스 / 가요,주식회사 루미넌트엔터테인먼트,크롬엔터테인먼트,2015.03.27,97663,984732
819,그 길에,임한별,미스티 OST Part. 5 (JTBC 금토드라마),드라마 / OST,NHN벅스,모스트콘텐츠,2018.03.17,146940,3189890
820,19금 She's Gone (Feat. Kush),G-DRAGON,Heartbreaker,랩/힙합 / 가요,YG PLUS,(주)YG엔터테인먼트,2009.08.18,113048,1141641
821,악몽,GD & TOP,GD & TOP 정규앨범 1집,랩/힙합 / 가요,YG PLUS,(주)YG엔터테인먼트,2010.12.24,107505,1032313
822,BOOMERANG (부메랑),Wanna One (워너원),0＋1=1 (I PROMISE YOU),댄스 / 가요,지니뮤직,"YMC엔터테인먼트, Stone Music Entertainment",2018.03.19,1298569,37045249
823,조강지처클럽3(내가 지켜줄꺼야),Various Artists,조강지처클럽 OST,전체 / OST,카카오엔터테인먼트,JIN-AH ENTERTAINMENT,2008.05.07,9683,113708
824,가라지,Various Artists,트롯 전국체전 PART.1,트로트 / 가요,카카오엔터테인먼트,포켓돌 스튜디오,2020.12.12,20082,283884
825,바보,혜령,To Expection First,R&B/소울 / 가요,RIAK,WEA Records Korea,2003.02.05,331874,1880246
826,Hello (Feat. 다라),G-DRAGON,Heartbreaker,랩/힙합 / 가요,YG PLUS,(주)YG엔터테인먼트,2009.08.18,163763,987820
827,빨리 전화해 (Feat. KUSH),MOBB (MINO (송민호) & BOBBY),The MOBB,랩/힙합 / 가요,YG PLUS,(주)YG엔터테인먼트,2016.09.09,552352,6873975
828,알아요,양파,Together,발라드 / 가요,㈜다날엔터테인먼트,코어컨텐츠미디어,2012.05.09,97173,1280197
829,동화 같은 사랑,Apink (에이핑크),Pink LUV,댄스 / 가요,카카오엔터테인먼트,에이큐브 엔터테인먼트,2014.11.24,79720,725762
830,영원한 사랑 (씨야 & 다비치 & 티아라 (T-ara)) (MR),SingerTech (싱어텍),SingerTech MR 2013 - Vol.31,전체 / 가요,주식회사 이앤스토리뮤직,Singertech,2013.08.27,740,1852
831,Memory,김범수,Again (Remake),발라드 / 가요,Universal Music,폴라리스 엔터테인먼트,2005.01.14,10322,45806
832,사랑 앞에서,정은지,딴따라 OST Part.6 (SBS 수목드라마),드라마 / OST,㈜다날엔터테인먼트,케미컬레코드,2016.05.19,81207,661303
833,Goodbye,웬디 (WENDY),뷰티 인사이드 OST Part.6 (JTBC 월화드라마),드라마 / OST,뮤직앤뉴,"뮤직앤뉴, 스튜디오앤뉴",2018.11.06,968618,15077655
834,눈을 보고 말해요,라디 (Ra. D),눈을 보고 말해요,발라드 / 가요,"지니뮤직, Stone Music Entertainment",미스틱엔터테인먼트,2017.03.04,233840,1461907
835,Awoo,김예림 (Lim Kim),Simple Mind,댄스 / 가요,(주)삼쩜일사,"㈜미스틱89, 미스틱엔터테인먼트",2015.04.27,253752,1852537
836,On My Way (Feat. Zion.T),도끼 (Dok2),HUSTLE REAL HARD,랩/힙합 / 가요,힙합플레이야,ILLIONAIRE RECORDS (일리네어 레코즈),2011.04.19,412899,7441625
837,No more,김예림 (Lim Kim),Simple Mind,댄스 / 가요,(주)삼쩜일사,"㈜미스틱89, 미스틱엔터테인먼트",2015.04.27,59646,494572
838,우리가 사는 이야기 (Feat. 메건리),지오디 (god),Chapter 8,전체 / 가요,카카오엔터테인먼트,"sidus HQ, god",2014.07.08,411217,3369854
839,Nothing Without You (Intro.),Wanna One (워너원),1-1=0 (NOTHING WITHOUT YOU),발라드 / 가요,지니뮤직,"YMC엔터테인먼트, Stone Music Entertainment",2017.11.13,332972,6142603
840,Love Rain (Feat. 수란),유주 (여자친구),Love Rain,발라드 / 가요,카카오엔터테인먼트,쏘스뮤직,2018.06.29,143061,1195304
841,힙합 뮤직 (Feat. 임정희),주석,Superior Vol.2 - Seoul City's Finest,랩/힙합 / 가요,해피로봇 레코드,해피로봇레코드,2005.08.02,79069,355868
842,숨바꼭질,터보,AGAIN (다시),전체 / 가요,NHN벅스,더 터보 컴퍼니,2015.12.21,129070,822504
843,슬픈 사랑,프라하 (Praha),북경 내 사랑 OST (KBS2TV 월화드라마),드라마 / OST,카카오엔터테인먼트,ESJ엔터테인먼트,2004.05.10,506,1459
844,Twilight,Wanna One (워너원),1-1=0 (NOTHING WITHOUT YOU),발라드 / 가요,지니뮤직,"YMC엔터테인먼트, Stone Music Entertainment",2017.11.13,483570,8006950
845,담배 좀 줄여,미스에스 (Miss＄),담배 좀 줄여,랩/힙합 / 가요,NHN벅스,브랜뉴뮤직 (Brand New Music),2012.09.26,74592,562659
846,꿈을 꾸다 (Main Ver.),김태우,꿈을 꾸다 - 아이리스 (Iris) OST Part.4,드라마 / OST,지니뮤직,(주)태원엔터테인먼트,2009.11.11,346027,2792225
847,Very Good,원투 (One Two),Very Good (Digital Single),댄스 / 가요,지니뮤직,Stone Music Entertainment,2010.07.08,17475,162732
848,어떡하죠,Various Artists,꽃보다 남자 OST Part.2,드라마 / OST,미러볼뮤직,다해이엔티,2009.03.16,107598,1389392
849,Only You,바비 킴 (Bobby Kim),Love Chapter.1 (Special Album),R&B/소울 / 가요,지니뮤직,㈜오스카이엔티,2009.01.12,30331,220840
850,나와 같은 맘이길 (Feat. 모트),Various Artists,노들뮤직 Vol. 2 가고 싶은 곳이 생겼는데,인디 / 가요,지니뮤직,해피로봇레코드,2019.04.10,64056,582472
851,Lucky,Various Artists,꽃보다 남자 OST,드라마 / OST,미러볼뮤직,다해이엔티,2009.01.08,227719,1896162
852,가,BOBBY & BILL STAX (빌스택스),쇼미더머니3 Part 2,랩/힙합 / 가요,지니뮤직,Stone Music Entertainment,2014.08.14,463905,6061438
853,Say,젝스키스,Road Fighter,댄스 / 가요,카카오엔터테인먼트,DSP 미디어,1998.07.01,33922,324690
854,MY STAR,이하이,SEOULITE,R&B/소울 / 가요,YG PLUS,(주)YG엔터테인먼트,2016.04.20,689427,6390755
855,물망초 (Feat. 신용재),MC몽,FLOWER 9,랩/힙합 / 가요,카카오엔터테인먼트,(주)밀리언마켓,2021.03.02,241959,2067674
856,외친다 (Call Out),ASTRO (아스트로),Rise Up,댄스 / 가요,카카오엔터테인먼트,판타지오뮤직,2018.07.24,18190,376057
857,별,임한별,앨리스 OST Part.3 (SBS 금토드라마),드라마 / OST,주식회사 블렌딩,"SBS콘텐츠허브, 어베인뮤직",2020.09.18,91241,1225206
858,RUN AWAY,GOT7 (갓세븐),Call My Name,댄스 / 가요,Dreamus,(주)JYP엔터테인먼트,2019.11.04,52631,1700725
859,나만 알고 싶다,소란 (SORAN),CAKE,전체 / 가요,해피로봇 레코드,해피로봇레코드,2016.10.06,273603,2518630
860,퍼즐 (Puzzle),용주 (YONGZOO),사이코지만 괜찮아 OST Part.7 (tvN 토일드라마),드라마 / OST,NHN벅스,모스트콘텐츠,2020.08.02,37941,264674
861,알아 (Feat. HYNN (박혜원)),MC몽,CHANNEL 8,랩/힙합 / 가요,Dreamus,(주)밀리언마켓,2019.10.25,379292,3028800
862,먼저 말해,김예림 (Lim Kim),Simple Mind,댄스 / 가요,(주)삼쩜일사,"㈜미스틱89, 미스틱엔터테인먼트",2015.04.27,33423,222566
863,Can't U See,손담비,the queen (THE 3RD MINI ALBUM SONDAMBI),전체 / 가요,NHN벅스,스카이뮤직,2010.07.02,23119,279685
864,나를 사랑해줘 (Feat. 개코 Of 다이나믹 듀오),서인영,나를 사랑해줘,댄스 / 가요,지니뮤직,(주)서인영컴퍼니,2013.10.04,233789,1684889
865,너의 곁에,변진섭,He'story,전체 / 가요,뮤직앤뉴,웰메이드예당,2005.01.11,631,2433
866,쩐의 전쟁 출사표,Various Artists,쩐의 전쟁 OST 1.5집,드라마 / OST,뮤직앤뉴,(주)뮤직앤뉴,2007.06.14,3243,30959
867,돌아버리겠네,아웃렛 (OUTLET),돌아버리겠네,댄스 / 가요,카카오엔터테인먼트,생각을보여주는엔터테인먼트,2021.06.27,9844,72094
868,난말야,UNI.T,끝을 아는 시작,댄스 / 가요,㈜인터파크,"(주)인터파크, 포켓돌스튜디오",2018.09.18,39439,433418
869,오.꼭.말,하성운,My Moment,댄스 / 가요,㈜인터파크,스타크루 이엔티,2019.02.28,246561,11832185
870,텅빈도로 (EMPTY ROAD),태양,WHITE NIGHT,R&B/소울 / 가요,YG PLUS,(주)YG엔터테인먼트,2017.08.16,190640,1514571
871,아름다운 그대 (Feat. CHOIZA),Crush,Crush On You,랩/힙합 / 가요,"지니뮤직, Stone Music Entertainment",아메바컬쳐,2014.06.05,229553,2880270
872,좋은 사람 Ver.1,Various Artists,신데렐라맨 OST,드라마 / OST,㈜인터파크,㈜인터파크,2009.04.20,16139,127430
873,WAKE ME UP,태양,WHITE NIGHT,R&B/소울 / 가요,YG PLUS,(주)YG엔터테인먼트,2017.08.16,383509,3160481
874,ONE (Feat. 정일훈 of BTOB),사무엘,ONE,댄스 / 가요,카카오엔터테인먼트,브레이브엔터테인먼트 (BRAVE ENTERTAINMENT),2018.03.28,31903,892913
875,신사 ($insa),Various Artists,쇼미더머니 5 Episode 1,랩/힙합 / 가요,지니뮤직,Stone Music Entertainment,2016.06.18,751969,8996827
876,행복한 나를 (Prod. by 박근태),쏜애플 (THORNAPPLE),행복한 나를,락 / 가요,"지니뮤직, Stone Music Entertainment",미스틱엔터테인먼트,2019.01.16,36419,281340
877,HANDS UP,BIGBANG,빅뱅 미니앨범 4집,댄스 / 가요,YG PLUS,(주)YG엔터테인먼트,2011.02.24,84237,516036
878,Hey You,씨스타 (Sistar),Give It To Me,댄스 / 가요,카카오엔터테인먼트,스타쉽 엔터테인먼트,2013.06.11,71217,373085
879,카페에 앉아,Various Artists,cafe : night & day,락 / 가요,해피로봇 레코드,해피로봇레코드,2011.09.19,292771,2794742
880,약속,Various Artists,아름다운 날들 OST,전체 / OST,RIAK,,2001.04.15,17527,211406
881,나의 봄 (Feat. CHEEZE),노리플라이 (No Reply),나의 봄,인디 / 가요,해피로봇 레코드,해피로봇레코드,2018.04.03,147313,1034349
882,금토일,Dal★Shabet,FRI. SAT. SUN,댄스 / 가요,카카오엔터테인먼트,해피페이스 엔터테인먼트,2016.09.29,34969,312699
883,똑 똑 똑,아이오아이 (I.O.I),아이오아이 (I.O.I) 1st Mini Album 'Chrysalis',댄스 / 가요,지니뮤직,Stone Music Entertainment,2016.05.04,214906,1800444
884,Make Love (Feat. Kush),태양,Hot (1st Mini Album),R&B/소울 / 가요,YG PLUS,(주)YG엔터테인먼트,2008.05.22,72911,750895
885,Angel Song,에이프릴 (APRIL),에이프릴(APRIL) 5th Mini Album 'The Blue',댄스 / 가요,카카오엔터테인먼트,DSP 미디어,2018.03.12,19138,93219
886,녹,김태우,화정 OST - Part.2 (MBC 월화드라마),드라마 / OST,NHN벅스,모스트콘텐츠,2015.07.13,24138,182888
887,"조금씩, 천천히, 너에게",Various Artists,남과 여... 그리고 이야기,전체 / 가요,해피로봇 레코드,해피로봇레코드,2009.03.16,152411,1038963
888,알면 다쳐,김예림 (Lim Kim),Simple Mind,댄스 / 가요,(주)삼쩜일사,"㈜미스틱89, 미스틱엔터테인먼트",2015.04.27,217469,1617531
889,쉽지않아 (Missing),틴 탑 (Teen Top),TEEN TOP EXITO,댄스 / 가요,카카오엔터테인먼트,㈜티오피미디어,2014.09.15,225885,3222920
890,그대라는 날개,김태우,개인의 취향 OST Part. 4 (MBC 수목드라마),드라마 / OST,뮤직앤뉴,이김프로덕션,2010.04.16,20400,161554
891,Rainfall,첸 (CHEN),보좌관-세상을 움직이는 사람들 OST Part.1 (JTBC 금토드라마),드라마 / OST,뮤직앤뉴,"뮤직앤뉴, 스튜디오앤뉴",2019.06.14,55511,1129826
892,내 사랑,태사비애 (殆死悲愛),내 사랑,전체 / 가요,RIAK,내츄럴리뮤직,2008.08.08,66413,1082297
893,라이딩 (Riding) (Feat. 개코),하성운,라이딩 (Riding),R&B/소울 / 가요,카카오엔터테인먼트,스타크루 이엔티,2019.06.05,325715,11558528
894,아퍼 (Feat. Kid Milli & Lil tachi & 김승민 & NO:EL & C JAMM),기리보이,100년제전문대학,랩/힙합 / 가요,카카오엔터테인먼트,린치핀뮤직㈜,2019.06.10,1373380,24565362
895,빗물이 내려서,김태우,T-School,발라드 / 가요,3.14,소울샵엔터테인먼트,2011.03.29,71034,188141
896,Fake Rock Star (Feat. NO:EL),스윙스 & 한요한,외나무다리,랩/힙합 / 가요,카카오엔터테인먼트,린치핀뮤직㈜,2019.07.06,198384,2985175
897,View (베를린 첫 버스킹 Ver.),적재,JTBC 비긴어게인3 Episode 7,락 / 가요,㈜인터파크,JTBC,2019.08.31,112437,841550
898,ANYMORE,서인영,ANYMORE,댄스 / 가요,지니뮤직,(주)서인영컴퍼니,2012.08.20,108763,400630
899,I See You,강민혁 (CNBLUE),딴따라 OST Part.4 (SBS 수목드라마),드라마 / OST,㈜다날엔터테인먼트,케미컬레코드,2016.05.06,43208,418569
900,라밤바,Various Artists,미스트롯 FINAL STAGE,트로트 / 가요,카카오엔터테인먼트,㈜티조컬처앤컨텐츠,2019.05.02,80276,631580
901,불꽃놀이 (Flowerbomb),Wanna One (워너원),1¹¹=1 (POWER OF DESTINY),댄스 / 가요,지니뮤직,"SWING Entertainment, Stone Music Entertainment",2018.11.19,580506,10031356
902,La La (Prod. by 이단옆차기),정세운,ANOTHER,R&B/소울 / 가요,카카오엔터테인먼트,스타쉽 엔터테인먼트,2018.07.23,21030,471176
903,내 꿈이여,Various Artists,밤이면 밤마다 OST,드라마 / OST,뮤직앤뉴,(주)뮤직앤뉴,2008.06.23,2716,23065
904,문득,하성운,My Moment,댄스 / 가요,㈜인터파크,스타크루 이엔티,2019.02.28,241926,10251224
905,Lonely Night,하성운,My Moment,댄스 / 가요,㈜인터파크,스타크루 이엔티,2019.02.28,196684,9174069
906,랑데뷰 (Randezvous) (Remix),양혜승,100kg,전체 / 가요,NHN벅스,갑봉엔터테인먼트,2002.06.01,10507,82840
907,Trap,스윙스 (Swings) & 유성은,마이 시크릿 호텔 OST Part3 (tvN 월화드라마),드라마 / OST,지니뮤직,Stone Music Entertainment,2014.09.15,205420,2546953
908,왜 (Why),유노윤호 (U-KNOW),True Colors - The 1st Mini Album,댄스 / 가요,Dreamus,SM ENTERTAINMENT,2019.06.12,20762,926775
909,사랑하는 너에게,젝스키스,Welcome To The Sechskies Land,전체 / 가요,카카오엔터테인먼트,DSP 미디어,1997.11.01,92166,753312
910,내가 되었으면,노리플라이 (No Reply),Dream,락 / 가요,해피로봇 레코드,해피로봇레코드,2010.09.15,81630,781524
911,19금 공중도덕 (Air DoTheQ),Various Artists,쇼미더머니 5 Episode 1,랩/힙합 / 가요,지니뮤직,Stone Music Entertainment,2016.06.18,647838,9796543
912,19금 Machine Gun (Feat. MINO),Various Artists,쇼미더머니 5 Special,랩/힙합 / 가요,지니뮤직,Stone Music Entertainment,2016.06.29,521279,6100603
913,Never Ever,GOT7 (갓세븐),FLIGHT LOG : ARRIVAL,댄스 / 가요,Dreamus,(주)JYP엔터테인먼트,2017.03.13,329996,5678381
914,착한사람,BIGBANG,Stand Up (2008 빅뱅 3rd Mini Album),랩/힙합 / 가요,YG PLUS,(주)YG엔터테인먼트,2008.08.08,205208,1604613
915,저기요,하성운,BXXX,R&B/소울 / 가요,카카오엔터테인먼트,스타크루 이엔티,2019.07.08,130477,6110966
916,나한테 집중해,슈가볼 (Sugarbowl),나한테 집중해,전체 / 가요,NHN벅스,YMC엔터테인먼트㈜,2014.12.19,169367,2057404
917,창피해,박봄 (Park Bom),Spring,R&B/소울 / 가요,㈜다날엔터테인먼트,디네이션,2019.03.13,138969,1446477
918,나한테 집중해,슈가볼 (Sugarbowl),나한테 집중해,전체 / 가요,NHN벅스,YMC엔터테인먼트㈜,2014.12.19,169367,2057404
919,A Door,권순관,A Door,발라드 / 가요,해피로봇 레코드,해피로봇레코드,2013.04.11,114485,688745
920,You Are,GOT7 (갓세븐),7 for 7,댄스 / 가요,Dreamus,(주)JYP엔터테인먼트,2017.10.10,472727,6805949
921,난 좋아,Various Artists,cafe : night & day,락 / 가요,해피로봇 레코드,해피로봇레코드,2011.09.19,188400,1625304
922,19금 Rap Star,도끼 (Dok2),South Korean Rapstar Mixtape,랩/힙합 / 가요,제뉴인뮤직,ILLIONAIRE RECORDS (일리네어 레코즈),2013.01.11,118132,1586137
923,Tonight,권순관,A Door,발라드 / 가요,해피로봇 레코드,해피로봇레코드,2013.04.11,128232,1037510
924,Zzz,김재환,MOMENT,전체 / 가요,"지니뮤직, Stone Music Entertainment",스윙엔터테인먼트,2019.12.12,35571,2847534
925,내 곁에 서 있어줘,비투비-블루,내 곁에 서 있어줘,발라드 / 가요,카카오엔터테인먼트,큐브 엔터테인먼트,2016.09.19,230908,4311218
926,다음역,앤씨아,Time To Be A Woman,발라드 / 가요,주식회사 인에이블파인드,제이제이홀릭미디어 (JJHOLIC MEDIA),2016.10.28,30318,353821
927,시간이 사랑을 대신할 수는 없잖아 (Vocal 전상근),밤에,시간이 사랑을 대신할 수는 없잖아,발라드 / 가요,워너뮤직,IN A MILLION,2019.05.30,189538,3750878
928,19금 내가 (Feat. Beenzino & The Quiett),도끼 (Dok2),MULTILLIONAIRE,랩/힙합 / 가요,"지니뮤직, Stone Music Entertainment",ILLIONAIRE RECORDS (일리네어 레코즈),2015.06.23,403883,6601766
929,19금 아름다워 (Beautiful) (Feat. 지코 (ZICO)),Various Artists,쇼미더머니 5 Episode 4,랩/힙합 / 가요,지니뮤직,Stone Music Entertainment,2016.07.09,624335,8982744
930,L4L (Lookin' For Luv) (Feat. Dok2 & The Quiett),BOBBY & 올티 (Olltii),쇼미더머니3 BOBBY vs 올티,랩/힙합 / 가요,지니뮤직,Stone Music Entertainment,2014.08.21,554468,8000484
931,After Party,김재환,MOMENT,전체 / 가요,"지니뮤직, Stone Music Entertainment",스윙엔터테인먼트,2019.12.12,41798,2840791
932,정상을 향한 독주 2 feat. 김범수,주석,Superior Vol.1 - This Iz My Life,랩/힙합 / 가요,해피로봇 레코드,해피로봇레코드,2003.11.18,95422,445932
933,"옆에도 눈이 달렸어 (Side, Eye, Moon)",윤지성,Dear diary,발라드 / 가요,"지니뮤직, Stone Music Entertainment",LM엔터테인먼트,2019.04.25,9309,661383
934,1llusion,도끼 (Dok2),1llusion,랩/힙합 / 가요,"지니뮤직, Stone Music Entertainment",ILLIONAIRE RECORDS (일리네어 레코즈),2016.05.21,422833,5426027
935,ECLIPSE,GOT7 (갓세븐),SPINNING TOP : BETWEEN SECURITY & INSECURITY,댄스 / 가요,Dreamus,(주)JYP엔터테인먼트,2019.05.20,280778,7419509
936,오늘 뭐해?!,하성운,BXXX,R&B/소울 / 가요,카카오엔터테인먼트,스타크루 이엔티,2019.07.08,122200,6079870
937,마녀가 된 이유,NS Yoon-G,NEO SPIRIT,댄스 / 가요,Sony Music,JTM엔터테인먼트,2012.01.05,146309,1886249
